/*
SQLyog Ultimate v10.42 
MySQL - 5.7.31-log : Database - ry
*********************************************************************
*/

/*!40101 SET NAMES utf8 */;

/*!40101 SET SQL_MODE=''*/;

/*!40014 SET @OLD_UNIQUE_CHECKS=@@UNIQUE_CHECKS, UNIQUE_CHECKS=0 */;
/*!40014 SET @OLD_FOREIGN_KEY_CHECKS=@@FOREIGN_KEY_CHECKS, FOREIGN_KEY_CHECKS=0 */;
/*!40101 SET @OLD_SQL_MODE=@@SQL_MODE, SQL_MODE='NO_AUTO_VALUE_ON_ZERO' */;
/*!40111 SET @OLD_SQL_NOTES=@@SQL_NOTES, SQL_NOTES=0 */;
CREATE DATABASE /*!32312 IF NOT EXISTS*/`ry` /*!40100 DEFAULT CHARACTER SET utf8 */;

USE `ry`;

/*Table structure for table `agr_peasant` */

DROP TABLE IF EXISTS `agr_peasant`;

CREATE TABLE `agr_peasant` (
  `id` bigint(20) NOT NULL AUTO_INCREMENT COMMENT 'è‡ªå¢ä¸»é”®ï¼ˆä¸ä¸šåŠ¡æ— å…³ï¼‰',
  `pea_id` bigint(20) NOT NULL COMMENT 'æˆ·ç¼–å·',
  `pea_name` varchar(255) DEFAULT NULL COMMENT 'å§“å',
  `pea_card` varchar(255) NOT NULL COMMENT 'è¯ä»¶å·ç ',
  `pea_village` varchar(255) DEFAULT NULL COMMENT 'è‡ªç„¶æ‘',
  `pea_year` varchar(255) DEFAULT NULL COMMENT 'å¹´åº¦',
  `pea_relation` varchar(255) DEFAULT NULL COMMENT 'ä¸æˆ·ä¸»å…³ç³»',
  `pea_reason` varchar(255) DEFAULT NULL COMMENT 'è‡´è´«åŸå› ',
  `pea_health` varchar(255) DEFAULT NULL COMMENT 'å¥åº·çŠ¶å†µ',
  `pea_age` int(11) DEFAULT NULL COMMENT 'å¹´é¾„',
  `pea_status` varchar(255) DEFAULT NULL COMMENT 'åœ¨æ ¡çŠ¶å†µ',
  `pea_nation` varchar(255) DEFAULT NULL COMMENT 'æ°‘æ—',
  `pea_tel` varchar(255) DEFAULT NULL COMMENT 'æˆ·è”ç³»ç”µè¯',
  `pea_time` varchar(255) DEFAULT NULL COMMENT 'äººå‘˜è¯†åˆ«æ—¶é—´',
  `pea_ability` varchar(255) DEFAULT NULL COMMENT 'åŠ³åŠ¨æŠ€èƒ½',
  `pea_education` varchar(255) DEFAULT NULL COMMENT 'æ–‡åŒ–ç¨‹åº¦',
  `pea_type` varchar(255) DEFAULT NULL COMMENT 'æˆ·ç±»å‹',
  PRIMARY KEY (`id`)
) ENGINE=InnoDB AUTO_INCREMENT=4 DEFAULT CHARSET=utf8;

/*Data for the table `agr_peasant` */

insert  into `agr_peasant`(`id`,`pea_id`,`pea_name`,`pea_card`,`pea_village`,`pea_year`,`pea_relation`,`pea_reason`,`pea_health`,`pea_age`,`pea_status`,`pea_nation`,`pea_tel`,`pea_time`,`pea_ability`,`pea_education`,`pea_type`) values (1,3106232976,'åˆ˜æ´ªè‡£','220821196805104514','åå…­åˆ','2023','æˆ·ä¸»','å› ç—…','å¥åº·',55,'æš‚æ— ','æ±‰æ—','15943667380','2013å¹´12æœˆ','æ™®é€šåŠ³åŠ¨åŠ›','æ— ','è„±è´«æˆ·'),(2,3106232976,'éŸ©æ·‘èŠ','222326196911294522','åå…­åˆ','2023',NULL,NULL,NULL,NULL,NULL,NULL,NULL,NULL,NULL,NULL,NULL),(3,3106232997,'å­™å–œæ—','222326196008024534','å…­å®¶å­è¥¿','2023',NULL,NULL,NULL,NULL,NULL,NULL,NULL,NULL,NULL,NULL,NULL);

/*Table structure for table `gen_table` */

DROP TABLE IF EXISTS `gen_table`;

CREATE TABLE `gen_table` (
  `table_id` bigint(20) NOT NULL AUTO_INCREMENT COMMENT 'ç¼–å·',
  `table_name` varchar(200) DEFAULT '' COMMENT 'è¡¨åç§°',
  `table_comment` varchar(500) DEFAULT '' COMMENT 'è¡¨æè¿°',
  `sub_table_name` varchar(64) DEFAULT NULL COMMENT 'å…³è”å­è¡¨çš„è¡¨å',
  `sub_table_fk_name` varchar(64) DEFAULT NULL COMMENT 'å­è¡¨å…³è”çš„å¤–é”®å',
  `class_name` varchar(100) DEFAULT '' COMMENT 'å®ä½“ç±»åç§°',
  `tpl_category` varchar(200) DEFAULT 'crud' COMMENT 'ä½¿ç”¨çš„æ¨¡æ¿ï¼ˆcrudå•è¡¨æ“ä½œ treeæ ‘è¡¨æ“ä½œ subä¸»å­è¡¨æ“ä½œï¼‰',
  `package_name` varchar(100) DEFAULT NULL COMMENT 'ç”ŸæˆåŒ…è·¯å¾„',
  `module_name` varchar(30) DEFAULT NULL COMMENT 'ç”Ÿæˆæ¨¡å—å',
  `business_name` varchar(30) DEFAULT NULL COMMENT 'ç”Ÿæˆä¸šåŠ¡å',
  `function_name` varchar(50) DEFAULT NULL COMMENT 'ç”ŸæˆåŠŸèƒ½å',
  `function_author` varchar(50) DEFAULT NULL COMMENT 'ç”ŸæˆåŠŸèƒ½ä½œè€…',
  `gen_type` char(1) DEFAULT '0' COMMENT 'ç”Ÿæˆä»£ç æ–¹å¼ï¼ˆ0zipå‹ç¼©åŒ… 1è‡ªå®šä¹‰è·¯å¾„ï¼‰',
  `gen_path` varchar(200) DEFAULT '/' COMMENT 'ç”Ÿæˆè·¯å¾„ï¼ˆä¸å¡«é»˜è®¤é¡¹ç›®è·¯å¾„ï¼‰',
  `options` varchar(1000) DEFAULT NULL COMMENT 'å…¶å®ƒç”Ÿæˆé€‰é¡¹',
  `create_by` varchar(64) DEFAULT '' COMMENT 'åˆ›å»ºè€…',
  `create_time` datetime DEFAULT NULL COMMENT 'åˆ›å»ºæ—¶é—´',
  `update_by` varchar(64) DEFAULT '' COMMENT 'æ›´æ–°è€…',
  `update_time` datetime DEFAULT NULL COMMENT 'æ›´æ–°æ—¶é—´',
  `remark` varchar(500) DEFAULT NULL COMMENT 'å¤‡æ³¨',
  PRIMARY KEY (`table_id`)
) ENGINE=InnoDB AUTO_INCREMENT=4 DEFAULT CHARSET=utf8 COMMENT='ä»£ç ç”Ÿæˆä¸šåŠ¡è¡¨';

/*Data for the table `gen_table` */

insert  into `gen_table`(`table_id`,`table_name`,`table_comment`,`sub_table_name`,`sub_table_fk_name`,`class_name`,`tpl_category`,`package_name`,`module_name`,`business_name`,`function_name`,`function_author`,`gen_type`,`gen_path`,`options`,`create_by`,`create_time`,`update_by`,`update_time`,`remark`) values (2,'stu_info','ä¸ªäººæµ‹è¯•ä»£ç ç”ŸæˆåŠŸèƒ½æ‰€åˆ›å»ºçš„å­¦ç”Ÿè¡¨','',NULL,'StuInfo','crud','com.ruoyi.project','student123','student','å­¦ç”Ÿï¼ˆæµ‹è¯•ä»£ç ç”ŸæˆåŠŸèƒ½ï¼‰','Chen','0','/','{\"parentMenuId\":\"1062\",\"treeName\":\"\",\"treeParentCode\":\"\",\"parentMenuName\":\"æµ‹è¯•åŠŸèƒ½\",\"treeCode\":\"\"}','admin','2023-02-24 20:27:28','','2023-02-24 20:36:29',''),(3,'agr_peasant','å†œæˆ·ä¿¡æ¯è¡¨','',NULL,'AgrPeasant','crud','com.ruoyi.project','agriculture','peasant_info','å†œæˆ·ä¸ªäººä¿¡æ¯','Chen','0','/','{\"parentMenuId\":\"1062\",\"treeName\":\"\",\"treeParentCode\":\"\",\"parentMenuName\":\"æµ‹è¯•åŠŸèƒ½\",\"treeCode\":\"\"}','admin','2023-03-01 17:05:36','','2023-03-01 19:46:54','');

/*Table structure for table `gen_table_column` */

DROP TABLE IF EXISTS `gen_table_column`;

CREATE TABLE `gen_table_column` (
  `column_id` bigint(20) NOT NULL AUTO_INCREMENT COMMENT 'ç¼–å·',
  `table_id` varchar(64) DEFAULT NULL COMMENT 'å½’å±è¡¨ç¼–å·',
  `column_name` varchar(200) DEFAULT NULL COMMENT 'åˆ—åç§°',
  `column_comment` varchar(500) DEFAULT NULL COMMENT 'åˆ—æè¿°',
  `column_type` varchar(100) DEFAULT NULL COMMENT 'åˆ—ç±»å‹',
  `java_type` varchar(500) DEFAULT NULL COMMENT 'JAVAç±»å‹',
  `java_field` varchar(200) DEFAULT NULL COMMENT 'JAVAå­—æ®µå',
  `is_pk` char(1) DEFAULT NULL COMMENT 'æ˜¯å¦ä¸»é”®ï¼ˆ1æ˜¯ï¼‰',
  `is_increment` char(1) DEFAULT NULL COMMENT 'æ˜¯å¦è‡ªå¢ï¼ˆ1æ˜¯ï¼‰',
  `is_required` char(1) DEFAULT NULL COMMENT 'æ˜¯å¦å¿…å¡«ï¼ˆ1æ˜¯ï¼‰',
  `is_insert` char(1) DEFAULT NULL COMMENT 'æ˜¯å¦ä¸ºæ’å…¥å­—æ®µï¼ˆ1æ˜¯ï¼‰',
  `is_edit` char(1) DEFAULT NULL COMMENT 'æ˜¯å¦ç¼–è¾‘å­—æ®µï¼ˆ1æ˜¯ï¼‰',
  `is_list` char(1) DEFAULT NULL COMMENT 'æ˜¯å¦åˆ—è¡¨å­—æ®µï¼ˆ1æ˜¯ï¼‰',
  `is_query` char(1) DEFAULT NULL COMMENT 'æ˜¯å¦æŸ¥è¯¢å­—æ®µï¼ˆ1æ˜¯ï¼‰',
  `query_type` varchar(200) DEFAULT 'EQ' COMMENT 'æŸ¥è¯¢æ–¹å¼ï¼ˆç­‰äºã€ä¸ç­‰äºã€å¤§äºã€å°äºã€èŒƒå›´ï¼‰',
  `html_type` varchar(200) DEFAULT NULL COMMENT 'æ˜¾ç¤ºç±»å‹ï¼ˆæ–‡æœ¬æ¡†ã€æ–‡æœ¬åŸŸã€ä¸‹æ‹‰æ¡†ã€å¤é€‰æ¡†ã€å•é€‰æ¡†ã€æ—¥æœŸæ§ä»¶ï¼‰',
  `dict_type` varchar(200) DEFAULT '' COMMENT 'å­—å…¸ç±»å‹',
  `sort` int(11) DEFAULT NULL COMMENT 'æ’åº',
  `create_by` varchar(64) DEFAULT '' COMMENT 'åˆ›å»ºè€…',
  `create_time` datetime DEFAULT NULL COMMENT 'åˆ›å»ºæ—¶é—´',
  `update_by` varchar(64) DEFAULT '' COMMENT 'æ›´æ–°è€…',
  `update_time` datetime DEFAULT NULL COMMENT 'æ›´æ–°æ—¶é—´',
  PRIMARY KEY (`column_id`)
) ENGINE=InnoDB AUTO_INCREMENT=25 DEFAULT CHARSET=utf8 COMMENT='ä»£ç ç”Ÿæˆä¸šåŠ¡è¡¨å­—æ®µ';

/*Data for the table `gen_table_column` */

insert  into `gen_table_column`(`column_id`,`table_id`,`column_name`,`column_comment`,`column_type`,`java_type`,`java_field`,`is_pk`,`is_increment`,`is_required`,`is_insert`,`is_edit`,`is_list`,`is_query`,`query_type`,`html_type`,`dict_type`,`sort`,`create_by`,`create_time`,`update_by`,`update_time`) values (3,'2','id','è‡ªå¢ä¸»é”®ï¼ˆä¸ä¸šåŠ¡æ— å…³ï¼‰','bigint(20)','Long','id','1','1',NULL,NULL,NULL,NULL,NULL,'EQ','input','',1,'admin','2023-02-24 20:27:28',NULL,'2023-02-24 20:36:29'),(4,'2','stu_id','å­¦ç”Ÿç¼–å·','bigint(20)','Long','stuId','0','0','1','1','1','1','1','EQ','input','',2,'admin','2023-02-24 20:27:28',NULL,'2023-02-24 20:36:29'),(5,'2','stu_name','å­¦ç”Ÿå§“å','varchar(255)','String','stuName','0','0',NULL,'1','1','1','1','LIKE','input','',3,'admin','2023-02-24 20:27:28',NULL,'2023-02-24 20:36:29'),(6,'2','stu_age','å­¦ç”Ÿå¹´é¾„','int(11)','Long','stuAge','0','0',NULL,'1','1','1','1','EQ','input','',4,'admin','2023-02-24 20:27:28',NULL,'2023-02-24 20:36:29'),(7,'2','stu_sex','å­¦ç”Ÿæ€§åˆ«ï¼ˆ0æ˜¯å¥³  1æ˜¯ç”·ï¼‰','int(11)','Long','stuSex','0','0',NULL,'1','1','1','1','EQ','select','',5,'admin','2023-02-24 20:27:28',NULL,'2023-02-24 20:36:29'),(8,'3','id','è‡ªå¢ä¸»é”®ï¼ˆä¸ä¸šåŠ¡æ— å…³ï¼‰','bigint(20)','Long','id','1','1',NULL,NULL,NULL,NULL,NULL,'EQ','input','',1,'admin','2023-03-01 17:05:36',NULL,'2023-03-01 19:46:54'),(9,'3','pea_id','æˆ·ç¼–å·','bigint(20)','Long','peaId','0','0','1','1','1','1','1','EQ','input','',2,'admin','2023-03-01 17:05:36',NULL,'2023-03-01 19:46:54'),(10,'3','pea_name','å§“å','varchar(255)','String','peaName','0','0',NULL,'1','1','1','1','LIKE','input','',3,'admin','2023-03-01 17:05:36',NULL,'2023-03-01 19:46:54'),(11,'3','pea_card','è¯ä»¶å·ç ','varchar(255)','String','peaCard','0','0','1','1','1','1','1','EQ','input','',4,'admin','2023-03-01 17:05:36',NULL,'2023-03-01 19:46:54'),(12,'3','pea_village','è‡ªç„¶æ‘','varchar(255)','String','peaVillage','0','0',NULL,'1','1','1',NULL,'EQ','input','',5,'admin','2023-03-01 17:05:36',NULL,'2023-03-01 19:46:54'),(13,'3','pea_year','å¹´åº¦','varchar(255)','String','peaYear','0','0',NULL,NULL,NULL,NULL,NULL,'EQ','input','',6,'admin','2023-03-01 17:05:36',NULL,'2023-03-01 19:46:54'),(14,'3','pea_relation','ä¸æˆ·ä¸»å…³ç³»','varchar(255)','String','peaRelation','0','0',NULL,'1','1','1','1','EQ','input','',7,'','2023-03-01 19:05:08',NULL,'2023-03-01 19:46:54'),(15,'3','pea_reason','è‡´è´«åŸå› ','varchar(255)','String','peaReason','0','0',NULL,'1','1','1',NULL,'EQ','input','',8,'','2023-03-01 19:05:08',NULL,'2023-03-01 19:46:54'),(16,'3','pea_health','å¥åº·çŠ¶å†µ','varchar(255)','String','peaHealth','0','0',NULL,'1','1',NULL,NULL,'EQ','input','',9,'','2023-03-01 19:05:08',NULL,'2023-03-01 19:46:54'),(17,'3','pea_age','å¹´é¾„','int(11)','Long','peaAge','0','0',NULL,'1','1',NULL,NULL,'EQ','input','',10,'','2023-03-01 19:05:08',NULL,'2023-03-01 19:46:54'),(18,'3','pea_status','åœ¨æ ¡çŠ¶å†µ','varchar(255)','String','peaStatus','0','0',NULL,'1','1',NULL,NULL,'EQ','input','',11,'','2023-03-01 19:05:08',NULL,'2023-03-01 19:46:54'),(19,'3','pea_nation','æ°‘æ—','varchar(255)','String','peaNation','0','0',NULL,'1','1',NULL,NULL,'EQ','input','',12,'','2023-03-01 19:05:08',NULL,'2023-03-01 19:46:54'),(20,'3','pea_tel','æˆ·è”ç³»ç”µè¯','varchar(255)','String','peaTel','0','0',NULL,'1','1',NULL,NULL,'EQ','input','',13,'','2023-03-01 19:05:08',NULL,'2023-03-01 19:46:54'),(21,'3','pea_time','äººå‘˜è¯†åˆ«æ—¶é—´','varchar(255)','String','peaTime','0','0',NULL,'1','1',NULL,NULL,'EQ','input','',14,'','2023-03-01 19:05:08',NULL,'2023-03-01 19:46:54'),(22,'3','pea_ability','åŠ³åŠ¨æŠ€èƒ½','varchar(255)','String','peaAbility','0','0',NULL,'1','1',NULL,NULL,'EQ','input','',15,'','2023-03-01 19:05:08',NULL,'2023-03-01 19:46:54'),(23,'3','pea_education','æ–‡åŒ–ç¨‹åº¦','varchar(255)','String','peaEducation','0','0',NULL,'1','1',NULL,NULL,'EQ','input','',16,'','2023-03-01 19:05:08',NULL,'2023-03-01 19:46:54'),(24,'3','pea_type','æˆ·ç±»å‹','varchar(255)','String','peaType','0','0',NULL,'1','1',NULL,NULL,'EQ','input','',17,'','2023-03-01 19:10:27',NULL,'2023-03-01 19:46:54');

/*Table structure for table `qrtz_blob_triggers` */

DROP TABLE IF EXISTS `qrtz_blob_triggers`;

CREATE TABLE `qrtz_blob_triggers` (
  `sched_name` varchar(120) NOT NULL COMMENT 'è°ƒåº¦åç§°',
  `trigger_name` varchar(200) NOT NULL COMMENT 'qrtz_triggersè¡¨trigger_nameçš„å¤–é”®',
  `trigger_group` varchar(200) NOT NULL COMMENT 'qrtz_triggersè¡¨trigger_groupçš„å¤–é”®',
  `blob_data` blob COMMENT 'å­˜æ”¾æŒä¹…åŒ–Triggerå¯¹è±¡',
  PRIMARY KEY (`sched_name`,`trigger_name`,`trigger_group`),
  CONSTRAINT `qrtz_blob_triggers_ibfk_1` FOREIGN KEY (`sched_name`, `trigger_name`, `trigger_group`) REFERENCES `qrtz_triggers` (`sched_name`, `trigger_name`, `trigger_group`)
) ENGINE=InnoDB DEFAULT CHARSET=utf8 COMMENT='Blobç±»å‹çš„è§¦å‘å™¨è¡¨';

/*Data for the table `qrtz_blob_triggers` */

/*Table structure for table `qrtz_calendars` */

DROP TABLE IF EXISTS `qrtz_calendars`;

CREATE TABLE `qrtz_calendars` (
  `sched_name` varchar(120) NOT NULL COMMENT 'è°ƒåº¦åç§°',
  `calendar_name` varchar(200) NOT NULL COMMENT 'æ—¥å†åç§°',
  `calendar` blob NOT NULL COMMENT 'å­˜æ”¾æŒä¹…åŒ–calendarå¯¹è±¡',
  PRIMARY KEY (`sched_name`,`calendar_name`)
) ENGINE=InnoDB DEFAULT CHARSET=utf8 COMMENT='æ—¥å†ä¿¡æ¯è¡¨';

/*Data for the table `qrtz_calendars` */

/*Table structure for table `qrtz_cron_triggers` */

DROP TABLE IF EXISTS `qrtz_cron_triggers`;

CREATE TABLE `qrtz_cron_triggers` (
  `sched_name` varchar(120) NOT NULL COMMENT 'è°ƒåº¦åç§°',
  `trigger_name` varchar(200) NOT NULL COMMENT 'qrtz_triggersè¡¨trigger_nameçš„å¤–é”®',
  `trigger_group` varchar(200) NOT NULL COMMENT 'qrtz_triggersè¡¨trigger_groupçš„å¤–é”®',
  `cron_expression` varchar(200) NOT NULL COMMENT 'cronè¡¨è¾¾å¼',
  `time_zone_id` varchar(80) DEFAULT NULL COMMENT 'æ—¶åŒº',
  PRIMARY KEY (`sched_name`,`trigger_name`,`trigger_group`),
  CONSTRAINT `qrtz_cron_triggers_ibfk_1` FOREIGN KEY (`sched_name`, `trigger_name`, `trigger_group`) REFERENCES `qrtz_triggers` (`sched_name`, `trigger_name`, `trigger_group`)
) ENGINE=InnoDB DEFAULT CHARSET=utf8 COMMENT='Cronç±»å‹çš„è§¦å‘å™¨è¡¨';

/*Data for the table `qrtz_cron_triggers` */

insert  into `qrtz_cron_triggers`(`sched_name`,`trigger_name`,`trigger_group`,`cron_expression`,`time_zone_id`) values ('RuoyiScheduler','TASK_CLASS_NAME2','DEFAULT','0/15 * * * * ?','Asia/Shanghai'),('RuoyiScheduler','TASK_CLASS_NAME3','DEFAULT','0/20 * * * * ?','Asia/Shanghai');

/*Table structure for table `qrtz_fired_triggers` */

DROP TABLE IF EXISTS `qrtz_fired_triggers`;

CREATE TABLE `qrtz_fired_triggers` (
  `sched_name` varchar(120) NOT NULL COMMENT 'è°ƒåº¦åç§°',
  `entry_id` varchar(95) NOT NULL COMMENT 'è°ƒåº¦å™¨å®ä¾‹id',
  `trigger_name` varchar(200) NOT NULL COMMENT 'qrtz_triggersè¡¨trigger_nameçš„å¤–é”®',
  `trigger_group` varchar(200) NOT NULL COMMENT 'qrtz_triggersè¡¨trigger_groupçš„å¤–é”®',
  `instance_name` varchar(200) NOT NULL COMMENT 'è°ƒåº¦å™¨å®ä¾‹å',
  `fired_time` bigint(13) NOT NULL COMMENT 'è§¦å‘çš„æ—¶é—´',
  `sched_time` bigint(13) NOT NULL COMMENT 'å®šæ—¶å™¨åˆ¶å®šçš„æ—¶é—´',
  `priority` int(11) NOT NULL COMMENT 'ä¼˜å…ˆçº§',
  `state` varchar(16) NOT NULL COMMENT 'çŠ¶æ€',
  `job_name` varchar(200) DEFAULT NULL COMMENT 'ä»»åŠ¡åç§°',
  `job_group` varchar(200) DEFAULT NULL COMMENT 'ä»»åŠ¡ç»„å',
  `is_nonconcurrent` varchar(1) DEFAULT NULL COMMENT 'æ˜¯å¦å¹¶å‘',
  `requests_recovery` varchar(1) DEFAULT NULL COMMENT 'æ˜¯å¦æ¥å—æ¢å¤æ‰§è¡Œ',
  PRIMARY KEY (`sched_name`,`entry_id`)
) ENGINE=InnoDB DEFAULT CHARSET=utf8 COMMENT='å·²è§¦å‘çš„è§¦å‘å™¨è¡¨';

/*Data for the table `qrtz_fired_triggers` */

/*Table structure for table `qrtz_job_details` */

DROP TABLE IF EXISTS `qrtz_job_details`;

CREATE TABLE `qrtz_job_details` (
  `sched_name` varchar(120) NOT NULL COMMENT 'è°ƒåº¦åç§°',
  `job_name` varchar(200) NOT NULL COMMENT 'ä»»åŠ¡åç§°',
  `job_group` varchar(200) NOT NULL COMMENT 'ä»»åŠ¡ç»„å',
  `description` varchar(250) DEFAULT NULL COMMENT 'ç›¸å…³ä»‹ç»',
  `job_class_name` varchar(250) NOT NULL COMMENT 'æ‰§è¡Œä»»åŠ¡ç±»åç§°',
  `is_durable` varchar(1) NOT NULL COMMENT 'æ˜¯å¦æŒä¹…åŒ–',
  `is_nonconcurrent` varchar(1) NOT NULL COMMENT 'æ˜¯å¦å¹¶å‘',
  `is_update_data` varchar(1) NOT NULL COMMENT 'æ˜¯å¦æ›´æ–°æ•°æ®',
  `requests_recovery` varchar(1) NOT NULL COMMENT 'æ˜¯å¦æ¥å—æ¢å¤æ‰§è¡Œ',
  `job_data` blob COMMENT 'å­˜æ”¾æŒä¹…åŒ–jobå¯¹è±¡',
  PRIMARY KEY (`sched_name`,`job_name`,`job_group`)
) ENGINE=InnoDB DEFAULT CHARSET=utf8 COMMENT='ä»»åŠ¡è¯¦ç»†ä¿¡æ¯è¡¨';

/*Data for the table `qrtz_job_details` */

insert  into `qrtz_job_details`(`sched_name`,`job_name`,`job_group`,`description`,`job_class_name`,`is_durable`,`is_nonconcurrent`,`is_update_data`,`requests_recovery`,`job_data`) values ('RuoyiScheduler','TASK_CLASS_NAME2','DEFAULT',NULL,'com.ruoyi.project.monitor.job.util.QuartzDisallowConcurrentExecution','0','1','0','0','¬í\0sr\0org.quartz.JobDataMapŸ°ƒè¿©°Ë\0\0xr\0&org.quartz.utils.StringKeyDirtyFlagMap‚èÃûÅ](\0Z\0allowsTransientDataxr\0org.quartz.utils.DirtyFlagMapæ.­(v\nÎ\0Z\0dirtyL\0mapt\0Ljava/util/Map;xpsr\0java.util.HashMapÚÁÃ`Ñ\0F\0\nloadFactorI\0	thresholdxp?@\0\0\0\0\0w\0\0\0\0\0\0t\0TASK_PROPERTIESsr\0(com.ruoyi.project.monitor.job.domain.Job\0\0\0\0\0\0\0\0L\0\nconcurrentt\0Ljava/lang/String;L\0cronExpressionq\0~\0	L\0invokeTargetq\0~\0	L\0jobGroupq\0~\0	L\0jobIdt\0Ljava/lang/Long;L\0jobNameq\0~\0	L\0\rmisfirePolicyq\0~\0	L\0statusq\0~\0	xr\0)com.ruoyi.framework.web.domain.BaseEntity\0\0\0\0\0\0\0\0L\0createByq\0~\0	L\0\ncreateTimet\0Ljava/util/Date;L\0paramsq\0~\0L\0remarkq\0~\0	L\0searchValueq\0~\0	L\0updateByq\0~\0	L\0\nupdateTimeq\0~\0xpt\0adminsr\0java.util.DatehjKYt\0\0xpw\0\0†|k<@xpt\0\0pppt\01t\00/15 * * * * ?t\0ryTask.ryParams(\'ry\')t\0DEFAULTsr\0java.lang.Long;‹äÌ#ß\0J\0valuexr\0java.lang.Number†¬•”à‹\0\0xp\0\0\0\0\0\0\0t\0ç³»ç»Ÿé»˜è®¤ï¼ˆæœ‰å‚ï¼‰t\03t\01x\0'),('RuoyiScheduler','TASK_CLASS_NAME3','DEFAULT',NULL,'com.ruoyi.project.monitor.job.util.QuartzDisallowConcurrentExecution','0','1','0','0','¬í\0sr\0org.quartz.JobDataMapŸ°ƒè¿©°Ë\0\0xr\0&org.quartz.utils.StringKeyDirtyFlagMap‚èÃûÅ](\0Z\0allowsTransientDataxr\0org.quartz.utils.DirtyFlagMapæ.­(v\nÎ\0Z\0dirtyL\0mapt\0Ljava/util/Map;xpsr\0java.util.HashMapÚÁÃ`Ñ\0F\0\nloadFactorI\0	thresholdxp?@\0\0\0\0\0w\0\0\0\0\0\0t\0TASK_PROPERTIESsr\0(com.ruoyi.project.monitor.job.domain.Job\0\0\0\0\0\0\0\0L\0\nconcurrentt\0Ljava/lang/String;L\0cronExpressionq\0~\0	L\0invokeTargetq\0~\0	L\0jobGroupq\0~\0	L\0jobIdt\0Ljava/lang/Long;L\0jobNameq\0~\0	L\0\rmisfirePolicyq\0~\0	L\0statusq\0~\0	xr\0)com.ruoyi.framework.web.domain.BaseEntity\0\0\0\0\0\0\0\0L\0createByq\0~\0	L\0\ncreateTimet\0Ljava/util/Date;L\0paramsq\0~\0L\0remarkq\0~\0	L\0searchValueq\0~\0	L\0updateByq\0~\0	L\0\nupdateTimeq\0~\0xpt\0adminsr\0java.util.DatehjKYt\0\0xpw\0\0†|k<@xpt\0\0pppt\01t\00/20 * * * * ?t\08ryTask.ryMultipleParams(\'ry\', true, 2000L, 316.50D, 100)t\0DEFAULTsr\0java.lang.Long;‹äÌ#ß\0J\0valuexr\0java.lang.Number†¬•”à‹\0\0xp\0\0\0\0\0\0\0t\0ç³»ç»Ÿé»˜è®¤ï¼ˆå¤šå‚ï¼‰t\03t\01x\0');

/*Table structure for table `qrtz_locks` */

DROP TABLE IF EXISTS `qrtz_locks`;

CREATE TABLE `qrtz_locks` (
  `sched_name` varchar(120) NOT NULL COMMENT 'è°ƒåº¦åç§°',
  `lock_name` varchar(40) NOT NULL COMMENT 'æ‚²è§‚é”åç§°',
  PRIMARY KEY (`sched_name`,`lock_name`)
) ENGINE=InnoDB DEFAULT CHARSET=utf8 COMMENT='å­˜å‚¨çš„æ‚²è§‚é”ä¿¡æ¯è¡¨';

/*Data for the table `qrtz_locks` */

insert  into `qrtz_locks`(`sched_name`,`lock_name`) values ('RuoyiScheduler','STATE_ACCESS'),('RuoyiScheduler','TRIGGER_ACCESS');

/*Table structure for table `qrtz_paused_trigger_grps` */

DROP TABLE IF EXISTS `qrtz_paused_trigger_grps`;

CREATE TABLE `qrtz_paused_trigger_grps` (
  `sched_name` varchar(120) NOT NULL COMMENT 'è°ƒåº¦åç§°',
  `trigger_group` varchar(200) NOT NULL COMMENT 'qrtz_triggersè¡¨trigger_groupçš„å¤–é”®',
  PRIMARY KEY (`sched_name`,`trigger_group`)
) ENGINE=InnoDB DEFAULT CHARSET=utf8 COMMENT='æš‚åœçš„è§¦å‘å™¨è¡¨';

/*Data for the table `qrtz_paused_trigger_grps` */

/*Table structure for table `qrtz_scheduler_state` */

DROP TABLE IF EXISTS `qrtz_scheduler_state`;

CREATE TABLE `qrtz_scheduler_state` (
  `sched_name` varchar(120) NOT NULL COMMENT 'è°ƒåº¦åç§°',
  `instance_name` varchar(200) NOT NULL COMMENT 'å®ä¾‹åç§°',
  `last_checkin_time` bigint(13) NOT NULL COMMENT 'ä¸Šæ¬¡æ£€æŸ¥æ—¶é—´',
  `checkin_interval` bigint(13) NOT NULL COMMENT 'æ£€æŸ¥é—´éš”æ—¶é—´',
  PRIMARY KEY (`sched_name`,`instance_name`)
) ENGINE=InnoDB DEFAULT CHARSET=utf8 COMMENT='è°ƒåº¦å™¨çŠ¶æ€è¡¨';

/*Data for the table `qrtz_scheduler_state` */

insert  into `qrtz_scheduler_state`(`sched_name`,`instance_name`,`last_checkin_time`,`checkin_interval`) values ('RuoyiScheduler','chen1677230447764',1677230495250,15000);

/*Table structure for table `qrtz_simple_triggers` */

DROP TABLE IF EXISTS `qrtz_simple_triggers`;

CREATE TABLE `qrtz_simple_triggers` (
  `sched_name` varchar(120) NOT NULL COMMENT 'è°ƒåº¦åç§°',
  `trigger_name` varchar(200) NOT NULL COMMENT 'qrtz_triggersè¡¨trigger_nameçš„å¤–é”®',
  `trigger_group` varchar(200) NOT NULL COMMENT 'qrtz_triggersè¡¨trigger_groupçš„å¤–é”®',
  `repeat_count` bigint(7) NOT NULL COMMENT 'é‡å¤çš„æ¬¡æ•°ç»Ÿè®¡',
  `repeat_interval` bigint(12) NOT NULL COMMENT 'é‡å¤çš„é—´éš”æ—¶é—´',
  `times_triggered` bigint(10) NOT NULL COMMENT 'å·²ç»è§¦å‘çš„æ¬¡æ•°',
  PRIMARY KEY (`sched_name`,`trigger_name`,`trigger_group`),
  CONSTRAINT `qrtz_simple_triggers_ibfk_1` FOREIGN KEY (`sched_name`, `trigger_name`, `trigger_group`) REFERENCES `qrtz_triggers` (`sched_name`, `trigger_name`, `trigger_group`)
) ENGINE=InnoDB DEFAULT CHARSET=utf8 COMMENT='ç®€å•è§¦å‘å™¨çš„ä¿¡æ¯è¡¨';

/*Data for the table `qrtz_simple_triggers` */

/*Table structure for table `qrtz_simprop_triggers` */

DROP TABLE IF EXISTS `qrtz_simprop_triggers`;

CREATE TABLE `qrtz_simprop_triggers` (
  `sched_name` varchar(120) NOT NULL COMMENT 'è°ƒåº¦åç§°',
  `trigger_name` varchar(200) NOT NULL COMMENT 'qrtz_triggersè¡¨trigger_nameçš„å¤–é”®',
  `trigger_group` varchar(200) NOT NULL COMMENT 'qrtz_triggersè¡¨trigger_groupçš„å¤–é”®',
  `str_prop_1` varchar(512) DEFAULT NULL COMMENT 'Stringç±»å‹çš„triggerçš„ç¬¬ä¸€ä¸ªå‚æ•°',
  `str_prop_2` varchar(512) DEFAULT NULL COMMENT 'Stringç±»å‹çš„triggerçš„ç¬¬äºŒä¸ªå‚æ•°',
  `str_prop_3` varchar(512) DEFAULT NULL COMMENT 'Stringç±»å‹çš„triggerçš„ç¬¬ä¸‰ä¸ªå‚æ•°',
  `int_prop_1` int(11) DEFAULT NULL COMMENT 'intç±»å‹çš„triggerçš„ç¬¬ä¸€ä¸ªå‚æ•°',
  `int_prop_2` int(11) DEFAULT NULL COMMENT 'intç±»å‹çš„triggerçš„ç¬¬äºŒä¸ªå‚æ•°',
  `long_prop_1` bigint(20) DEFAULT NULL COMMENT 'longç±»å‹çš„triggerçš„ç¬¬ä¸€ä¸ªå‚æ•°',
  `long_prop_2` bigint(20) DEFAULT NULL COMMENT 'longç±»å‹çš„triggerçš„ç¬¬äºŒä¸ªå‚æ•°',
  `dec_prop_1` decimal(13,4) DEFAULT NULL COMMENT 'decimalç±»å‹çš„triggerçš„ç¬¬ä¸€ä¸ªå‚æ•°',
  `dec_prop_2` decimal(13,4) DEFAULT NULL COMMENT 'decimalç±»å‹çš„triggerçš„ç¬¬äºŒä¸ªå‚æ•°',
  `bool_prop_1` varchar(1) DEFAULT NULL COMMENT 'Booleanç±»å‹çš„triggerçš„ç¬¬ä¸€ä¸ªå‚æ•°',
  `bool_prop_2` varchar(1) DEFAULT NULL COMMENT 'Booleanç±»å‹çš„triggerçš„ç¬¬äºŒä¸ªå‚æ•°',
  PRIMARY KEY (`sched_name`,`trigger_name`,`trigger_group`),
  CONSTRAINT `qrtz_simprop_triggers_ibfk_1` FOREIGN KEY (`sched_name`, `trigger_name`, `trigger_group`) REFERENCES `qrtz_triggers` (`sched_name`, `trigger_name`, `trigger_group`)
) ENGINE=InnoDB DEFAULT CHARSET=utf8 COMMENT='åŒæ­¥æœºåˆ¶çš„è¡Œé”è¡¨';

/*Data for the table `qrtz_simprop_triggers` */

/*Table structure for table `qrtz_triggers` */

DROP TABLE IF EXISTS `qrtz_triggers`;

CREATE TABLE `qrtz_triggers` (
  `sched_name` varchar(120) NOT NULL COMMENT 'è°ƒåº¦åç§°',
  `trigger_name` varchar(200) NOT NULL COMMENT 'è§¦å‘å™¨çš„åå­—',
  `trigger_group` varchar(200) NOT NULL COMMENT 'è§¦å‘å™¨æ‰€å±ç»„çš„åå­—',
  `job_name` varchar(200) NOT NULL COMMENT 'qrtz_job_detailsè¡¨job_nameçš„å¤–é”®',
  `job_group` varchar(200) NOT NULL COMMENT 'qrtz_job_detailsè¡¨job_groupçš„å¤–é”®',
  `description` varchar(250) DEFAULT NULL COMMENT 'ç›¸å…³ä»‹ç»',
  `next_fire_time` bigint(13) DEFAULT NULL COMMENT 'ä¸Šä¸€æ¬¡è§¦å‘æ—¶é—´ï¼ˆæ¯«ç§’ï¼‰',
  `prev_fire_time` bigint(13) DEFAULT NULL COMMENT 'ä¸‹ä¸€æ¬¡è§¦å‘æ—¶é—´ï¼ˆé»˜è®¤ä¸º-1è¡¨ç¤ºä¸è§¦å‘ï¼‰',
  `priority` int(11) DEFAULT NULL COMMENT 'ä¼˜å…ˆçº§',
  `trigger_state` varchar(16) NOT NULL COMMENT 'è§¦å‘å™¨çŠ¶æ€',
  `trigger_type` varchar(8) NOT NULL COMMENT 'è§¦å‘å™¨çš„ç±»å‹',
  `start_time` bigint(13) NOT NULL COMMENT 'å¼€å§‹æ—¶é—´',
  `end_time` bigint(13) DEFAULT NULL COMMENT 'ç»“æŸæ—¶é—´',
  `calendar_name` varchar(200) DEFAULT NULL COMMENT 'æ—¥ç¨‹è¡¨åç§°',
  `misfire_instr` smallint(2) DEFAULT NULL COMMENT 'è¡¥å¿æ‰§è¡Œçš„ç­–ç•¥',
  `job_data` blob COMMENT 'å­˜æ”¾æŒä¹…åŒ–jobå¯¹è±¡',
  PRIMARY KEY (`sched_name`,`trigger_name`,`trigger_group`),
  KEY `sched_name` (`sched_name`,`job_name`,`job_group`),
  CONSTRAINT `qrtz_triggers_ibfk_1` FOREIGN KEY (`sched_name`, `job_name`, `job_group`) REFERENCES `qrtz_job_details` (`sched_name`, `job_name`, `job_group`)
) ENGINE=InnoDB DEFAULT CHARSET=utf8 COMMENT='è§¦å‘å™¨è¯¦ç»†ä¿¡æ¯è¡¨';

/*Data for the table `qrtz_triggers` */

insert  into `qrtz_triggers`(`sched_name`,`trigger_name`,`trigger_group`,`job_name`,`job_group`,`description`,`next_fire_time`,`prev_fire_time`,`priority`,`trigger_state`,`trigger_type`,`start_time`,`end_time`,`calendar_name`,`misfire_instr`,`job_data`) values ('RuoyiScheduler','TASK_CLASS_NAME2','DEFAULT','TASK_CLASS_NAME2','DEFAULT',NULL,1677230460000,-1,5,'PAUSED','CRON',1677230447000,0,NULL,2,''),('RuoyiScheduler','TASK_CLASS_NAME3','DEFAULT','TASK_CLASS_NAME3','DEFAULT',NULL,1677230460000,-1,5,'PAUSED','CRON',1677230447000,0,NULL,2,'');

/*Table structure for table `stu_info` */

DROP TABLE IF EXISTS `stu_info`;

CREATE TABLE `stu_info` (
  `id` bigint(20) NOT NULL AUTO_INCREMENT COMMENT 'è‡ªå¢ä¸»é”®ï¼ˆä¸ä¸šåŠ¡æ— å…³ï¼‰',
  `stu_id` bigint(20) NOT NULL COMMENT 'å­¦ç”Ÿç¼–å·',
  `stu_name` varchar(255) DEFAULT NULL COMMENT 'å­¦ç”Ÿå§“å',
  `stu_age` int(11) DEFAULT NULL COMMENT 'å­¦ç”Ÿå¹´é¾„',
  `stu_sex` int(11) DEFAULT NULL COMMENT 'å­¦ç”Ÿæ€§åˆ«ï¼ˆ0æ˜¯å¥³  1æ˜¯ç”·ï¼‰',
  PRIMARY KEY (`id`)
) ENGINE=InnoDB AUTO_INCREMENT=3 DEFAULT CHARSET=utf8;

/*Data for the table `stu_info` */

insert  into `stu_info`(`id`,`stu_id`,`stu_name`,`stu_age`,`stu_sex`) values (1,1,'é™ˆä¿®æ˜Š',20,NULL),(2,2,'é™ˆæµ©',12,NULL);

/*Table structure for table `sys_config` */

DROP TABLE IF EXISTS `sys_config`;

CREATE TABLE `sys_config` (
  `config_id` int(5) NOT NULL AUTO_INCREMENT COMMENT 'å‚æ•°ä¸»é”®',
  `config_name` varchar(100) DEFAULT '' COMMENT 'å‚æ•°åç§°',
  `config_key` varchar(100) DEFAULT '' COMMENT 'å‚æ•°é”®å',
  `config_value` varchar(500) DEFAULT '' COMMENT 'å‚æ•°é”®å€¼',
  `config_type` char(1) DEFAULT 'N' COMMENT 'ç³»ç»Ÿå†…ç½®ï¼ˆYæ˜¯ Nå¦ï¼‰',
  `create_by` varchar(64) DEFAULT '' COMMENT 'åˆ›å»ºè€…',
  `create_time` datetime DEFAULT NULL COMMENT 'åˆ›å»ºæ—¶é—´',
  `update_by` varchar(64) DEFAULT '' COMMENT 'æ›´æ–°è€…',
  `update_time` datetime DEFAULT NULL COMMENT 'æ›´æ–°æ—¶é—´',
  `remark` varchar(500) DEFAULT NULL COMMENT 'å¤‡æ³¨',
  PRIMARY KEY (`config_id`)
) ENGINE=InnoDB AUTO_INCREMENT=12 DEFAULT CHARSET=utf8 COMMENT='å‚æ•°é…ç½®è¡¨';

/*Data for the table `sys_config` */

insert  into `sys_config`(`config_id`,`config_name`,`config_key`,`config_value`,`config_type`,`create_by`,`create_time`,`update_by`,`update_time`,`remark`) values (1,'ä¸»æ¡†æ¶é¡µ-é»˜è®¤çš®è‚¤æ ·å¼åç§°','sys.index.skinName','skin-blue','Y','admin','2023-02-23 11:57:28','',NULL,'è“è‰² skin-blueã€ç»¿è‰² skin-greenã€ç´«è‰² skin-purpleã€çº¢è‰² skin-redã€é»„è‰² skin-yellow'),(2,'ç”¨æˆ·ç®¡ç†-è´¦å·åˆå§‹å¯†ç ','sys.user.initPassword','123456','Y','admin','2023-02-23 11:57:28','',NULL,'åˆå§‹åŒ–å¯†ç  123456'),(3,'ä¸»æ¡†æ¶é¡µ-ä¾§è¾¹æ ä¸»é¢˜','sys.index.sideTheme','theme-dark','Y','admin','2023-02-23 11:57:28','',NULL,'æ·±é»‘ä¸»é¢˜theme-darkï¼Œæµ…è‰²ä¸»é¢˜theme-lightï¼Œæ·±è“ä¸»é¢˜theme-blue'),(4,'è´¦å·è‡ªåŠ©-æ˜¯å¦å¼€å¯ç”¨æˆ·æ³¨å†ŒåŠŸèƒ½','sys.account.registerUser','false','Y','admin','2023-02-23 11:57:28','',NULL,'æ˜¯å¦å¼€å¯æ³¨å†Œç”¨æˆ·åŠŸèƒ½ï¼ˆtrueå¼€å¯ï¼Œfalseå…³é—­ï¼‰'),(5,'ç”¨æˆ·ç®¡ç†-å¯†ç å­—ç¬¦èŒƒå›´','sys.account.chrtype','0','Y','admin','2023-02-23 11:57:28','',NULL,'é»˜è®¤ä»»æ„å­—ç¬¦èŒƒå›´ï¼Œ0ä»»æ„ï¼ˆå¯†ç å¯ä»¥è¾“å…¥ä»»æ„å­—ç¬¦ï¼‰ï¼Œ1æ•°å­—ï¼ˆå¯†ç åªèƒ½ä¸º0-9æ•°å­—ï¼‰ï¼Œ2è‹±æ–‡å­—æ¯ï¼ˆå¯†ç åªèƒ½ä¸ºa-zå’ŒA-Zå­—æ¯ï¼‰ï¼Œ3å­—æ¯å’Œæ•°å­—ï¼ˆå¯†ç å¿…é¡»åŒ…å«å­—æ¯ï¼Œæ•°å­—ï¼‰,4å­—æ¯æ•°å­—å’Œç‰¹æ®Šå­—ç¬¦ï¼ˆç›®å‰æ”¯æŒçš„ç‰¹æ®Šå­—ç¬¦åŒ…æ‹¬ï¼š~!@#$%^&*()-=_+ï¼‰'),(6,'ç”¨æˆ·ç®¡ç†-åˆå§‹å¯†ç ä¿®æ”¹ç­–ç•¥','sys.account.initPasswordModify','0','Y','admin','2023-02-23 11:57:28','',NULL,'0ï¼šåˆå§‹å¯†ç ä¿®æ”¹ç­–ç•¥å…³é—­ï¼Œæ²¡æœ‰ä»»ä½•æç¤ºï¼Œ1ï¼šæé†’ç”¨æˆ·ï¼Œå¦‚æœæœªä¿®æ”¹åˆå§‹å¯†ç ï¼Œåˆ™åœ¨ç™»å½•æ—¶å°±ä¼šæé†’ä¿®æ”¹å¯†ç å¯¹è¯æ¡†'),(7,'ç”¨æˆ·ç®¡ç†-è´¦å·å¯†ç æ›´æ–°å‘¨æœŸ','sys.account.passwordValidateDays','0','Y','admin','2023-02-23 11:57:28','',NULL,'å¯†ç æ›´æ–°å‘¨æœŸï¼ˆå¡«å†™æ•°å­—ï¼Œæ•°æ®åˆå§‹åŒ–å€¼ä¸º0ä¸é™åˆ¶ï¼Œè‹¥ä¿®æ”¹å¿…é¡»ä¸ºå¤§äº0å°äº365çš„æ­£æ•´æ•°ï¼‰ï¼Œå¦‚æœè¶…è¿‡è¿™ä¸ªå‘¨æœŸç™»å½•ç³»ç»Ÿæ—¶ï¼Œåˆ™åœ¨ç™»å½•æ—¶å°±ä¼šæé†’ä¿®æ”¹å¯†ç å¯¹è¯æ¡†'),(8,'ä¸»æ¡†æ¶é¡µ-èœå•å¯¼èˆªæ˜¾ç¤ºé£æ ¼','sys.index.menuStyle','default','Y','admin','2023-02-23 11:57:28','',NULL,'èœå•å¯¼èˆªæ˜¾ç¤ºé£æ ¼ï¼ˆdefaultä¸ºå·¦ä¾§å¯¼èˆªèœå•ï¼Œtopnavä¸ºé¡¶éƒ¨å¯¼èˆªèœå•ï¼‰'),(9,'ä¸»æ¡†æ¶é¡µ-æ˜¯å¦å¼€å¯é¡µè„š','sys.index.footer','true','Y','admin','2023-02-23 11:57:28','admin','2023-02-24 19:19:19','æ˜¯å¦å¼€å¯åº•éƒ¨é¡µè„šæ˜¾ç¤ºï¼ˆtrueæ˜¾ç¤ºï¼Œfalseéšè—ï¼‰'),(10,'ä¸»æ¡†æ¶é¡µ-æ˜¯å¦å¼€å¯é¡µç­¾','sys.index.tagsView','true','Y','admin','2023-02-23 11:57:28','admin','2023-02-24 19:18:11','æ˜¯å¦å¼€å¯èœå•å¤šé¡µç­¾æ˜¾ç¤ºï¼ˆtrueæ˜¾ç¤ºï¼Œfalseéšè—ï¼‰'),(11,'ç”¨æˆ·ç™»å½•-é»‘åå•åˆ—è¡¨','sys.login.blackIPList','','Y','admin','2023-02-23 11:57:28','',NULL,'è®¾ç½®ç™»å½•IPé»‘åå•é™åˆ¶ï¼Œå¤šä¸ªåŒ¹é…é¡¹ä»¥;åˆ†éš”ï¼Œæ”¯æŒåŒ¹é…ï¼ˆ*é€šé…ã€ç½‘æ®µï¼‰');

/*Table structure for table `sys_dept` */

DROP TABLE IF EXISTS `sys_dept`;

CREATE TABLE `sys_dept` (
  `dept_id` bigint(20) NOT NULL AUTO_INCREMENT COMMENT 'éƒ¨é—¨id',
  `parent_id` bigint(20) DEFAULT '0' COMMENT 'çˆ¶éƒ¨é—¨id',
  `ancestors` varchar(50) DEFAULT '' COMMENT 'ç¥–çº§åˆ—è¡¨',
  `dept_name` varchar(30) DEFAULT '' COMMENT 'éƒ¨é—¨åç§°',
  `order_num` int(4) DEFAULT '0' COMMENT 'æ˜¾ç¤ºé¡ºåº',
  `leader` varchar(20) DEFAULT NULL COMMENT 'è´Ÿè´£äºº',
  `phone` varchar(11) DEFAULT NULL COMMENT 'è”ç³»ç”µè¯',
  `email` varchar(50) DEFAULT NULL COMMENT 'é‚®ç®±',
  `status` char(1) DEFAULT '0' COMMENT 'éƒ¨é—¨çŠ¶æ€ï¼ˆ0æ­£å¸¸ 1åœç”¨ï¼‰',
  `del_flag` char(1) DEFAULT '0' COMMENT 'åˆ é™¤æ ‡å¿—ï¼ˆ0ä»£è¡¨å­˜åœ¨ 2ä»£è¡¨åˆ é™¤ï¼‰',
  `create_by` varchar(64) DEFAULT '' COMMENT 'åˆ›å»ºè€…',
  `create_time` datetime DEFAULT NULL COMMENT 'åˆ›å»ºæ—¶é—´',
  `update_by` varchar(64) DEFAULT '' COMMENT 'æ›´æ–°è€…',
  `update_time` datetime DEFAULT NULL COMMENT 'æ›´æ–°æ—¶é—´',
  PRIMARY KEY (`dept_id`)
) ENGINE=InnoDB AUTO_INCREMENT=110 DEFAULT CHARSET=utf8 COMMENT='éƒ¨é—¨è¡¨';

/*Data for the table `sys_dept` */

insert  into `sys_dept`(`dept_id`,`parent_id`,`ancestors`,`dept_name`,`order_num`,`leader`,`phone`,`email`,`status`,`del_flag`,`create_by`,`create_time`,`update_by`,`update_time`) values (100,0,'0','è‹¥ä¾ç§‘æŠ€',0,'è‹¥ä¾','15888888888','ry@qq.com','0','0','admin','2023-02-23 11:57:27','',NULL),(101,100,'0,100','æ·±åœ³æ€»å…¬å¸',1,'è‹¥ä¾','15888888888','ry@qq.com','0','0','admin','2023-02-23 11:57:27','',NULL),(102,100,'0,100','é•¿æ²™åˆ†å…¬å¸',2,'è‹¥ä¾','15888888888','ry@qq.com','0','2','admin','2023-02-23 11:57:27','',NULL),(103,101,'0,100,101','ç ”å‘éƒ¨é—¨',1,'è‹¥ä¾','15888888888','ry@qq.com','0','0','admin','2023-02-23 11:57:27','',NULL),(104,101,'0,100,101','å¸‚åœºéƒ¨é—¨',2,'è‹¥ä¾','15888888888','ry@qq.com','0','2','admin','2023-02-23 11:57:27','',NULL),(105,101,'0,100,101','æµ‹è¯•éƒ¨é—¨',3,'è‹¥ä¾','15888888888','ry@qq.com','0','2','admin','2023-02-23 11:57:27','',NULL),(106,101,'0,100,101','è´¢åŠ¡éƒ¨é—¨',4,'è‹¥ä¾','15888888888','ry@qq.com','0','2','admin','2023-02-23 11:57:27','',NULL),(107,101,'0,100,101','è¿ç»´éƒ¨é—¨',5,'è‹¥ä¾','15888888888','ry@qq.com','0','2','admin','2023-02-23 11:57:27','',NULL),(108,102,'0,100,102','å¸‚åœºéƒ¨é—¨',1,'è‹¥ä¾','15888888888','ry@qq.com','0','2','admin','2023-02-23 11:57:27','',NULL),(109,102,'0,100,102','è´¢åŠ¡éƒ¨é—¨',2,'è‹¥ä¾','15888888888','ry@qq.com','0','2','admin','2023-02-23 11:57:27','',NULL);

/*Table structure for table `sys_dict_data` */

DROP TABLE IF EXISTS `sys_dict_data`;

CREATE TABLE `sys_dict_data` (
  `dict_code` bigint(20) NOT NULL AUTO_INCREMENT COMMENT 'å­—å…¸ç¼–ç ',
  `dict_sort` int(4) DEFAULT '0' COMMENT 'å­—å…¸æ’åº',
  `dict_label` varchar(100) DEFAULT '' COMMENT 'å­—å…¸æ ‡ç­¾',
  `dict_value` varchar(100) DEFAULT '' COMMENT 'å­—å…¸é”®å€¼',
  `dict_type` varchar(100) DEFAULT '' COMMENT 'å­—å…¸ç±»å‹',
  `css_class` varchar(100) DEFAULT NULL COMMENT 'æ ·å¼å±æ€§ï¼ˆå…¶ä»–æ ·å¼æ‰©å±•ï¼‰',
  `list_class` varchar(100) DEFAULT NULL COMMENT 'è¡¨æ ¼å›æ˜¾æ ·å¼',
  `is_default` char(1) DEFAULT 'N' COMMENT 'æ˜¯å¦é»˜è®¤ï¼ˆYæ˜¯ Nå¦ï¼‰',
  `status` char(1) DEFAULT '0' COMMENT 'çŠ¶æ€ï¼ˆ0æ­£å¸¸ 1åœç”¨ï¼‰',
  `create_by` varchar(64) DEFAULT '' COMMENT 'åˆ›å»ºè€…',
  `create_time` datetime DEFAULT NULL COMMENT 'åˆ›å»ºæ—¶é—´',
  `update_by` varchar(64) DEFAULT '' COMMENT 'æ›´æ–°è€…',
  `update_time` datetime DEFAULT NULL COMMENT 'æ›´æ–°æ—¶é—´',
  `remark` varchar(500) DEFAULT NULL COMMENT 'å¤‡æ³¨',
  PRIMARY KEY (`dict_code`)
) ENGINE=InnoDB AUTO_INCREMENT=30 DEFAULT CHARSET=utf8 COMMENT='å­—å…¸æ•°æ®è¡¨';

/*Data for the table `sys_dict_data` */

insert  into `sys_dict_data`(`dict_code`,`dict_sort`,`dict_label`,`dict_value`,`dict_type`,`css_class`,`list_class`,`is_default`,`status`,`create_by`,`create_time`,`update_by`,`update_time`,`remark`) values (1,1,'ç”·','0','sys_user_sex','','','Y','0','admin','2023-02-23 11:57:28','',NULL,'æ€§åˆ«ç”·'),(2,2,'å¥³','1','sys_user_sex','','','N','0','admin','2023-02-23 11:57:28','',NULL,'æ€§åˆ«å¥³'),(3,3,'æœªçŸ¥','2','sys_user_sex','','','N','0','admin','2023-02-23 11:57:28','',NULL,'æ€§åˆ«æœªçŸ¥'),(4,1,'æ˜¾ç¤º','0','sys_show_hide','','primary','Y','0','admin','2023-02-23 11:57:28','',NULL,'æ˜¾ç¤ºèœå•'),(5,2,'éšè—','1','sys_show_hide','','danger','N','0','admin','2023-02-23 11:57:28','',NULL,'éšè—èœå•'),(6,1,'æ­£å¸¸','0','sys_normal_disable','','primary','Y','0','admin','2023-02-23 11:57:28','',NULL,'æ­£å¸¸çŠ¶æ€'),(7,2,'åœç”¨','1','sys_normal_disable','','danger','N','0','admin','2023-02-23 11:57:28','',NULL,'åœç”¨çŠ¶æ€'),(8,1,'æ­£å¸¸','0','sys_job_status','','primary','Y','0','admin','2023-02-23 11:57:28','',NULL,'æ­£å¸¸çŠ¶æ€'),(9,2,'æš‚åœ','1','sys_job_status','','danger','N','0','admin','2023-02-23 11:57:28','',NULL,'åœç”¨çŠ¶æ€'),(10,1,'é»˜è®¤','DEFAULT','sys_job_group','','','Y','0','admin','2023-02-23 11:57:28','',NULL,'é»˜è®¤åˆ†ç»„'),(11,2,'ç³»ç»Ÿ','SYSTEM','sys_job_group','','','N','0','admin','2023-02-23 11:57:28','',NULL,'ç³»ç»Ÿåˆ†ç»„'),(12,1,'æ˜¯','Y','sys_yes_no','','primary','Y','0','admin','2023-02-23 11:57:28','',NULL,'ç³»ç»Ÿé»˜è®¤æ˜¯'),(13,2,'å¦','N','sys_yes_no','','danger','N','0','admin','2023-02-23 11:57:28','',NULL,'ç³»ç»Ÿé»˜è®¤å¦'),(14,1,'é€šçŸ¥','1','sys_notice_type','','warning','Y','0','admin','2023-02-23 11:57:28','',NULL,'é€šçŸ¥'),(15,2,'å…¬å‘Š','2','sys_notice_type','','success','N','0','admin','2023-02-23 11:57:28','',NULL,'å…¬å‘Š'),(16,1,'æ­£å¸¸','0','sys_notice_status','','primary','Y','0','admin','2023-02-23 11:57:28','',NULL,'æ­£å¸¸çŠ¶æ€'),(17,2,'å…³é—­','1','sys_notice_status','','danger','N','0','admin','2023-02-23 11:57:28','',NULL,'å…³é—­çŠ¶æ€'),(18,99,'å…¶ä»–','0','sys_oper_type','','info','N','0','admin','2023-02-23 11:57:28','',NULL,'å…¶ä»–æ“ä½œ'),(19,1,'æ–°å¢','1','sys_oper_type','','info','N','0','admin','2023-02-23 11:57:28','',NULL,'æ–°å¢æ“ä½œ'),(20,2,'ä¿®æ”¹','2','sys_oper_type','','info','N','0','admin','2023-02-23 11:57:28','',NULL,'ä¿®æ”¹æ“ä½œ'),(21,3,'åˆ é™¤','3','sys_oper_type','','danger','N','0','admin','2023-02-23 11:57:28','',NULL,'åˆ é™¤æ“ä½œ'),(22,4,'æˆæƒ','4','sys_oper_type','','primary','N','0','admin','2023-02-23 11:57:28','',NULL,'æˆæƒæ“ä½œ'),(23,5,'å¯¼å‡º','5','sys_oper_type','','warning','N','0','admin','2023-02-23 11:57:28','',NULL,'å¯¼å‡ºæ“ä½œ'),(24,6,'å¯¼å…¥','6','sys_oper_type','','warning','N','0','admin','2023-02-23 11:57:28','',NULL,'å¯¼å…¥æ“ä½œ'),(25,7,'å¼ºé€€','7','sys_oper_type','','danger','N','0','admin','2023-02-23 11:57:28','',NULL,'å¼ºé€€æ“ä½œ'),(26,8,'ç”Ÿæˆä»£ç ','8','sys_oper_type','','warning','N','0','admin','2023-02-23 11:57:28','',NULL,'ç”Ÿæˆæ“ä½œ'),(27,9,'æ¸…ç©ºæ•°æ®','9','sys_oper_type','','danger','N','0','admin','2023-02-23 11:57:28','',NULL,'æ¸…ç©ºæ“ä½œ'),(28,1,'æˆåŠŸ','0','sys_common_status','','primary','N','0','admin','2023-02-23 11:57:28','',NULL,'æ­£å¸¸çŠ¶æ€'),(29,2,'å¤±è´¥','1','sys_common_status','','danger','N','0','admin','2023-02-23 11:57:28','',NULL,'åœç”¨çŠ¶æ€');

/*Table structure for table `sys_dict_type` */

DROP TABLE IF EXISTS `sys_dict_type`;

CREATE TABLE `sys_dict_type` (
  `dict_id` bigint(20) NOT NULL AUTO_INCREMENT COMMENT 'å­—å…¸ä¸»é”®',
  `dict_name` varchar(100) DEFAULT '' COMMENT 'å­—å…¸åç§°',
  `dict_type` varchar(100) DEFAULT '' COMMENT 'å­—å…¸ç±»å‹',
  `status` char(1) DEFAULT '0' COMMENT 'çŠ¶æ€ï¼ˆ0æ­£å¸¸ 1åœç”¨ï¼‰',
  `create_by` varchar(64) DEFAULT '' COMMENT 'åˆ›å»ºè€…',
  `create_time` datetime DEFAULT NULL COMMENT 'åˆ›å»ºæ—¶é—´',
  `update_by` varchar(64) DEFAULT '' COMMENT 'æ›´æ–°è€…',
  `update_time` datetime DEFAULT NULL COMMENT 'æ›´æ–°æ—¶é—´',
  `remark` varchar(500) DEFAULT NULL COMMENT 'å¤‡æ³¨',
  PRIMARY KEY (`dict_id`),
  UNIQUE KEY `dict_type` (`dict_type`)
) ENGINE=InnoDB AUTO_INCREMENT=11 DEFAULT CHARSET=utf8 COMMENT='å­—å…¸ç±»å‹è¡¨';

/*Data for the table `sys_dict_type` */

insert  into `sys_dict_type`(`dict_id`,`dict_name`,`dict_type`,`status`,`create_by`,`create_time`,`update_by`,`update_time`,`remark`) values (1,'ç”¨æˆ·æ€§åˆ«','sys_user_sex','0','admin','2023-02-23 11:57:28','',NULL,'ç”¨æˆ·æ€§åˆ«åˆ—è¡¨'),(2,'èœå•çŠ¶æ€','sys_show_hide','0','admin','2023-02-23 11:57:28','',NULL,'èœå•çŠ¶æ€åˆ—è¡¨'),(3,'ç³»ç»Ÿå¼€å…³','sys_normal_disable','0','admin','2023-02-23 11:57:28','',NULL,'ç³»ç»Ÿå¼€å…³åˆ—è¡¨'),(4,'ä»»åŠ¡çŠ¶æ€','sys_job_status','0','admin','2023-02-23 11:57:28','',NULL,'ä»»åŠ¡çŠ¶æ€åˆ—è¡¨'),(5,'ä»»åŠ¡åˆ†ç»„','sys_job_group','0','admin','2023-02-23 11:57:28','',NULL,'ä»»åŠ¡åˆ†ç»„åˆ—è¡¨'),(6,'ç³»ç»Ÿæ˜¯å¦','sys_yes_no','0','admin','2023-02-23 11:57:28','',NULL,'ç³»ç»Ÿæ˜¯å¦åˆ—è¡¨'),(7,'é€šçŸ¥ç±»å‹','sys_notice_type','0','admin','2023-02-23 11:57:28','',NULL,'é€šçŸ¥ç±»å‹åˆ—è¡¨'),(8,'é€šçŸ¥çŠ¶æ€','sys_notice_status','0','admin','2023-02-23 11:57:28','',NULL,'é€šçŸ¥çŠ¶æ€åˆ—è¡¨'),(9,'æ“ä½œç±»å‹','sys_oper_type','0','admin','2023-02-23 11:57:28','',NULL,'æ“ä½œç±»å‹åˆ—è¡¨'),(10,'ç³»ç»ŸçŠ¶æ€','sys_common_status','0','admin','2023-02-23 11:57:28','',NULL,'ç™»å½•çŠ¶æ€åˆ—è¡¨');

/*Table structure for table `sys_job` */

DROP TABLE IF EXISTS `sys_job`;

CREATE TABLE `sys_job` (
  `job_id` bigint(20) NOT NULL AUTO_INCREMENT COMMENT 'ä»»åŠ¡ID',
  `job_name` varchar(64) NOT NULL DEFAULT '' COMMENT 'ä»»åŠ¡åç§°',
  `job_group` varchar(64) NOT NULL DEFAULT 'DEFAULT' COMMENT 'ä»»åŠ¡ç»„å',
  `invoke_target` varchar(500) NOT NULL COMMENT 'è°ƒç”¨ç›®æ ‡å­—ç¬¦ä¸²',
  `cron_expression` varchar(255) DEFAULT '' COMMENT 'cronæ‰§è¡Œè¡¨è¾¾å¼',
  `misfire_policy` varchar(20) DEFAULT '3' COMMENT 'è®¡åˆ’æ‰§è¡Œé”™è¯¯ç­–ç•¥ï¼ˆ1ç«‹å³æ‰§è¡Œ 2æ‰§è¡Œä¸€æ¬¡ 3æ”¾å¼ƒæ‰§è¡Œï¼‰',
  `concurrent` char(1) DEFAULT '1' COMMENT 'æ˜¯å¦å¹¶å‘æ‰§è¡Œï¼ˆ0å…è®¸ 1ç¦æ­¢ï¼‰',
  `status` char(1) DEFAULT '0' COMMENT 'çŠ¶æ€ï¼ˆ0æ­£å¸¸ 1æš‚åœï¼‰',
  `create_by` varchar(64) DEFAULT '' COMMENT 'åˆ›å»ºè€…',
  `create_time` datetime DEFAULT NULL COMMENT 'åˆ›å»ºæ—¶é—´',
  `update_by` varchar(64) DEFAULT '' COMMENT 'æ›´æ–°è€…',
  `update_time` datetime DEFAULT NULL COMMENT 'æ›´æ–°æ—¶é—´',
  `remark` varchar(500) DEFAULT '' COMMENT 'å¤‡æ³¨ä¿¡æ¯',
  PRIMARY KEY (`job_id`,`job_name`,`job_group`)
) ENGINE=InnoDB AUTO_INCREMENT=4 DEFAULT CHARSET=utf8 COMMENT='å®šæ—¶ä»»åŠ¡è°ƒåº¦è¡¨';

/*Data for the table `sys_job` */

insert  into `sys_job`(`job_id`,`job_name`,`job_group`,`invoke_target`,`cron_expression`,`misfire_policy`,`concurrent`,`status`,`create_by`,`create_time`,`update_by`,`update_time`,`remark`) values (2,'ç³»ç»Ÿé»˜è®¤ï¼ˆæœ‰å‚ï¼‰','DEFAULT','ryTask.ryParams(\'ry\')','0/15 * * * * ?','3','1','1','admin','2023-02-23 11:57:28','',NULL,''),(3,'ç³»ç»Ÿé»˜è®¤ï¼ˆå¤šå‚ï¼‰','DEFAULT','ryTask.ryMultipleParams(\'ry\', true, 2000L, 316.50D, 100)','0/20 * * * * ?','3','1','1','admin','2023-02-23 11:57:28','',NULL,'');

/*Table structure for table `sys_job_log` */

DROP TABLE IF EXISTS `sys_job_log`;

CREATE TABLE `sys_job_log` (
  `job_log_id` bigint(20) NOT NULL AUTO_INCREMENT COMMENT 'ä»»åŠ¡æ—¥å¿—ID',
  `job_name` varchar(64) NOT NULL COMMENT 'ä»»åŠ¡åç§°',
  `job_group` varchar(64) NOT NULL COMMENT 'ä»»åŠ¡ç»„å',
  `invoke_target` varchar(500) NOT NULL COMMENT 'è°ƒç”¨ç›®æ ‡å­—ç¬¦ä¸²',
  `job_message` varchar(500) DEFAULT NULL COMMENT 'æ—¥å¿—ä¿¡æ¯',
  `status` char(1) DEFAULT '0' COMMENT 'æ‰§è¡ŒçŠ¶æ€ï¼ˆ0æ­£å¸¸ 1å¤±è´¥ï¼‰',
  `exception_info` varchar(2000) DEFAULT '' COMMENT 'å¼‚å¸¸ä¿¡æ¯',
  `create_time` datetime DEFAULT NULL COMMENT 'åˆ›å»ºæ—¶é—´',
  PRIMARY KEY (`job_log_id`)
) ENGINE=InnoDB DEFAULT CHARSET=utf8 COMMENT='å®šæ—¶ä»»åŠ¡è°ƒåº¦æ—¥å¿—è¡¨';

/*Data for the table `sys_job_log` */

/*Table structure for table `sys_logininfor` */

DROP TABLE IF EXISTS `sys_logininfor`;

CREATE TABLE `sys_logininfor` (
  `info_id` bigint(20) NOT NULL AUTO_INCREMENT COMMENT 'è®¿é—®ID',
  `login_name` varchar(50) DEFAULT '' COMMENT 'ç™»å½•è´¦å·',
  `ipaddr` varchar(128) DEFAULT '' COMMENT 'ç™»å½•IPåœ°å€',
  `login_location` varchar(255) DEFAULT '' COMMENT 'ç™»å½•åœ°ç‚¹',
  `browser` varchar(50) DEFAULT '' COMMENT 'æµè§ˆå™¨ç±»å‹',
  `os` varchar(50) DEFAULT '' COMMENT 'æ“ä½œç³»ç»Ÿ',
  `status` char(1) DEFAULT '0' COMMENT 'ç™»å½•çŠ¶æ€ï¼ˆ0æˆåŠŸ 1å¤±è´¥ï¼‰',
  `msg` varchar(255) DEFAULT '' COMMENT 'æç¤ºæ¶ˆæ¯',
  `login_time` datetime DEFAULT NULL COMMENT 'è®¿é—®æ—¶é—´',
  PRIMARY KEY (`info_id`),
  KEY `idx_sys_logininfor_s` (`status`),
  KEY `idx_sys_logininfor_lt` (`login_time`)
) ENGINE=InnoDB AUTO_INCREMENT=192 DEFAULT CHARSET=utf8 COMMENT='ç³»ç»Ÿè®¿é—®è®°å½•';

/*Data for the table `sys_logininfor` */

insert  into `sys_logininfor`(`info_id`,`login_name`,`ipaddr`,`login_location`,`browser`,`os`,`status`,`msg`,`login_time`) values (100,'admin','127.0.0.1','å†…ç½‘IP','Chrome 11','Windows 10','0','ç™»å½•æˆåŠŸ','2023-02-23 11:58:00'),(101,'admin','127.0.0.1','å†…ç½‘IP','Chrome 11','Windows 10','0','ç™»å½•æˆåŠŸ','2023-02-23 11:59:29'),(102,'admin','127.0.0.1','å†…ç½‘IP','Chrome 11','Windows 10','0','ç™»å½•æˆåŠŸ','2023-02-23 12:01:55'),(103,'admin','127.0.0.1','å†…ç½‘IP','Chrome 11','Windows 10','0','ç™»å½•æˆåŠŸ','2023-02-23 12:03:40'),(104,'admin','127.0.0.1','å†…ç½‘IP','Chrome 11','Windows 10','1','éªŒè¯ç é”™è¯¯','2023-02-23 12:08:02'),(105,'admin','127.0.0.1','å†…ç½‘IP','Chrome 11','Windows 10','1','éªŒè¯ç é”™è¯¯','2023-02-23 12:08:03'),(106,'admin','127.0.0.1','å†…ç½‘IP','Chrome 11','Windows 10','1','éªŒè¯ç é”™è¯¯','2023-02-23 12:10:06'),(107,'admin','127.0.0.1','å†…ç½‘IP','Chrome 11','Windows 10','1','éªŒè¯ç é”™è¯¯','2023-02-23 12:11:25'),(108,'admin','127.0.0.1','å†…ç½‘IP','Chrome 11','Windows 10','0','ç™»å½•æˆåŠŸ','2023-02-23 12:11:56'),(109,'admin','127.0.0.1','å†…ç½‘IP','Chrome 11','Windows 10','0','ç™»å½•æˆåŠŸ','2023-02-24 17:21:00'),(110,'admin','127.0.0.1','å†…ç½‘IP','Chrome 11','Windows 10','0','ç™»å½•æˆåŠŸ','2023-02-24 18:40:36'),(111,'admin','127.0.0.1','å†…ç½‘IP','Chrome 11','Windows 10','0','ç™»å½•æˆåŠŸ','2023-02-24 18:42:05'),(112,'admin','127.0.0.1','å†…ç½‘IP','Chrome 11','Windows 10','0','ç™»å½•æˆåŠŸ','2023-02-24 18:45:15'),(113,'admin','127.0.0.1','å†…ç½‘IP','Chrome 11','Windows 10','0','ç™»å½•æˆåŠŸ','2023-02-24 18:47:27'),(114,'admin','127.0.0.1','å†…ç½‘IP','Chrome 11','Windows 10','0','ç™»å½•æˆåŠŸ','2023-02-24 18:49:12'),(115,'admin','127.0.0.1','å†…ç½‘IP','Chrome 11','Windows 10','0','ç™»å½•æˆåŠŸ','2023-02-24 19:16:10'),(116,'admin','127.0.0.1','å†…ç½‘IP','Chrome 11','Windows 10','0','ç™»å½•æˆåŠŸ','2023-02-24 19:24:27'),(117,'admin','127.0.0.1','å†…ç½‘IP','Chrome 11','Windows 10','0','ç™»å½•æˆåŠŸ','2023-02-24 19:25:15'),(118,'admin','127.0.0.1','å†…ç½‘IP','Chrome 11','Windows 10','0','ç™»å½•æˆåŠŸ','2023-02-24 19:34:41'),(119,'admin','127.0.0.1','å†…ç½‘IP','Chrome 11','Windows 10','0','ç™»å½•æˆåŠŸ','2023-02-24 19:40:15'),(120,'admin','127.0.0.1','å†…ç½‘IP','Chrome 11','Windows 10','0','ç™»å½•æˆåŠŸ','2023-02-24 19:41:23'),(121,'admin','127.0.0.1','å†…ç½‘IP','Chrome 11','Windows 10','0','ç™»å½•æˆåŠŸ','2023-02-24 19:44:47'),(122,'admin','127.0.0.1','å†…ç½‘IP','Chrome 11','Windows 10','0','é€€å‡ºæˆåŠŸ','2023-02-24 19:48:54'),(123,'admin','127.0.0.1','å†…ç½‘IP','Chrome 11','Windows 10','0','ç™»å½•æˆåŠŸ','2023-02-24 19:48:57'),(124,'admin','127.0.0.1','å†…ç½‘IP','Chrome 11','Windows 10','0','ç™»å½•æˆåŠŸ','2023-02-24 19:52:00'),(125,'admin','127.0.0.1','å†…ç½‘IP','Chrome 11','Windows 10','0','ç™»å½•æˆåŠŸ','2023-02-24 19:55:25'),(126,'admin','127.0.0.1','å†…ç½‘IP','Chrome 11','Windows 10','0','ç™»å½•æˆåŠŸ','2023-02-24 20:00:51'),(127,'admin','127.0.0.1','å†…ç½‘IP','Chrome 11','Windows 10','0','ç™»å½•æˆåŠŸ','2023-02-24 20:04:05'),(128,'admin','127.0.0.1','å†…ç½‘IP','Chrome 11','Windows 10','0','ç™»å½•æˆåŠŸ','2023-02-24 20:07:51'),(129,'admin','127.0.0.1','å†…ç½‘IP','Chrome 11','Windows 10','0','ç™»å½•æˆåŠŸ','2023-02-24 20:17:53'),(130,'admin','127.0.0.1','å†…ç½‘IP','Chrome 11','Windows 10','0','ç™»å½•æˆåŠŸ','2023-02-24 20:18:57'),(131,'admin','127.0.0.1','å†…ç½‘IP','Chrome 11','Windows 10','0','ç™»å½•æˆåŠŸ','2023-02-24 20:38:58'),(132,'admin','127.0.0.1','å†…ç½‘IP','Chrome 11','Windows 10','0','ç™»å½•æˆåŠŸ','2023-02-24 20:57:49'),(133,'admin','127.0.0.1','å†…ç½‘IP','Chrome 11','Windows 10','0','ç™»å½•æˆåŠŸ','2023-02-24 21:00:08'),(134,'admin','127.0.0.1','å†…ç½‘IP','Chrome 11','Windows 10','0','ç™»å½•æˆåŠŸ','2023-02-25 10:50:52'),(135,'admin','127.0.0.1','å†…ç½‘IP','Chrome 11','Windows 10','0','ç™»å½•æˆåŠŸ','2023-02-25 10:53:09'),(136,'admin','127.0.0.1','å†…ç½‘IP','Chrome 11','Windows 10','0','ç™»å½•æˆåŠŸ','2023-02-25 11:40:56'),(137,'admin','127.0.0.1','å†…ç½‘IP','Chrome 11','Windows 10','0','ç™»å½•æˆåŠŸ','2023-02-28 19:50:26'),(138,'admin','127.0.0.1','å†…ç½‘IP','Chrome 11','Windows 10','0','ç™»å½•æˆåŠŸ','2023-02-28 20:02:14'),(139,'admin','127.0.0.1','å†…ç½‘IP','Chrome 11','Windows 10','0','ç™»å½•æˆåŠŸ','2023-02-28 20:30:22'),(140,'admin','127.0.0.1','å†…ç½‘IP','Chrome 11','Windows 10','0','ç™»å½•æˆåŠŸ','2023-03-01 10:26:57'),(141,'admin','127.0.0.1','å†…ç½‘IP','Chrome 11','Windows 10','0','ç™»å½•æˆåŠŸ','2023-03-01 10:37:55'),(142,'admin','127.0.0.1','å†…ç½‘IP','Chrome 11','Windows 10','0','ç™»å½•æˆåŠŸ','2023-03-01 10:40:20'),(143,'admin','127.0.0.1','å†…ç½‘IP','Chrome 11','Windows 10','0','ç™»å½•æˆåŠŸ','2023-03-01 10:43:17'),(144,'admin','127.0.0.1','å†…ç½‘IP','Chrome 11','Windows 10','0','ç™»å½•æˆåŠŸ','2023-03-01 10:44:12'),(145,'admin','127.0.0.1','å†…ç½‘IP','Chrome 11','Windows 10','0','ç™»å½•æˆåŠŸ','2023-03-01 10:44:49'),(146,'admin','127.0.0.1','å†…ç½‘IP','Chrome 11','Windows 10','0','ç™»å½•æˆåŠŸ','2023-03-01 10:53:34'),(147,'admin','127.0.0.1','å†…ç½‘IP','Chrome 11','Windows 10','0','ç™»å½•æˆåŠŸ','2023-03-01 11:03:47'),(148,'admin','127.0.0.1','å†…ç½‘IP','Chrome 11','Windows 10','0','ç™»å½•æˆåŠŸ','2023-03-01 11:04:50'),(149,'admin','127.0.0.1','å†…ç½‘IP','Chrome 11','Windows 10','0','ç™»å½•æˆåŠŸ','2023-03-01 11:05:28'),(150,'admin','127.0.0.1','å†…ç½‘IP','Chrome 11','Windows 10','0','ç™»å½•æˆåŠŸ','2023-03-01 11:22:30'),(151,'admin','127.0.0.1','å†…ç½‘IP','Chrome 11','Windows 10','0','ç™»å½•æˆåŠŸ','2023-03-01 11:40:27'),(152,'admin','127.0.0.1','å†…ç½‘IP','Chrome 11','Windows 10','0','ç™»å½•æˆåŠŸ','2023-03-01 16:21:08'),(153,'admin','127.0.0.1','å†…ç½‘IP','Chrome 11','Windows 10','0','ç™»å½•æˆåŠŸ','2023-03-01 16:29:25'),(154,'admin','127.0.0.1','å†…ç½‘IP','Chrome 11','Windows 10','0','ç™»å½•æˆåŠŸ','2023-03-01 16:46:55'),(155,'admin','127.0.0.1','å†…ç½‘IP','Chrome 11','Windows 10','0','ç™»å½•æˆåŠŸ','2023-03-01 16:49:09'),(156,'admin','127.0.0.1','å†…ç½‘IP','Chrome 11','Windows 10','0','ç™»å½•æˆåŠŸ','2023-03-01 16:53:19'),(157,'admin','127.0.0.1','å†…ç½‘IP','Chrome 11','Windows 10','0','ç™»å½•æˆåŠŸ','2023-03-01 16:56:19'),(158,'admin','127.0.0.1','å†…ç½‘IP','Chrome 11','Windows 10','0','ç™»å½•æˆåŠŸ','2023-03-01 16:57:44'),(159,'admin','127.0.0.1','å†…ç½‘IP','Chrome 11','Windows 10','0','ç™»å½•æˆåŠŸ','2023-03-01 17:02:29'),(160,'admin','127.0.0.1','å†…ç½‘IP','Chrome 11','Windows 10','0','ç™»å½•æˆåŠŸ','2023-03-01 17:03:34'),(161,'admin','127.0.0.1','å†…ç½‘IP','Chrome 11','Windows 10','0','ç™»å½•æˆåŠŸ','2023-03-01 17:18:25'),(162,'admin','127.0.0.1','å†…ç½‘IP','Chrome 11','Windows 10','0','ç™»å½•æˆåŠŸ','2023-03-01 17:19:37'),(163,'admin','127.0.0.1','å†…ç½‘IP','Chrome 11','Windows 10','0','ç™»å½•æˆåŠŸ','2023-03-01 17:33:35'),(164,'admin','127.0.0.1','å†…ç½‘IP','Chrome 11','Windows 10','0','ç™»å½•æˆåŠŸ','2023-03-01 18:02:46'),(165,'admin','127.0.0.1','å†…ç½‘IP','Chrome 11','Windows 10','0','ç™»å½•æˆåŠŸ','2023-03-01 18:52:34'),(166,'admin','127.0.0.1','å†…ç½‘IP','Chrome 11','Windows 10','0','ç™»å½•æˆåŠŸ','2023-03-01 18:54:31'),(167,'admin','127.0.0.1','å†…ç½‘IP','Chrome 11','Windows 10','0','ç™»å½•æˆåŠŸ','2023-03-01 18:56:32'),(168,'admin','127.0.0.1','å†…ç½‘IP','Chrome 11','Windows 10','0','ç™»å½•æˆåŠŸ','2023-03-01 18:58:36'),(169,'admin','127.0.0.1','å†…ç½‘IP','Chrome 11','Windows 10','0','ç™»å½•æˆåŠŸ','2023-03-01 19:01:44'),(170,'admin','127.0.0.1','å†…ç½‘IP','Chrome 11','Windows 10','0','ç™»å½•æˆåŠŸ','2023-03-01 19:02:42'),(171,'admin','127.0.0.1','å†…ç½‘IP','Chrome 11','Windows 10','0','ç™»å½•æˆåŠŸ','2023-03-01 19:10:21'),(172,'admin','127.0.0.1','å†…ç½‘IP','Chrome 11','Windows 10','0','ç™»å½•æˆåŠŸ','2023-03-01 19:23:55'),(173,'admin','127.0.0.1','å†…ç½‘IP','Chrome 11','Windows 10','0','ç™»å½•æˆåŠŸ','2023-03-01 19:26:58'),(174,'admin','127.0.0.1','å†…ç½‘IP','Chrome 11','Windows 10','0','ç™»å½•æˆåŠŸ','2023-03-01 19:27:14'),(175,'admin','127.0.0.1','å†…ç½‘IP','Chrome 11','Windows 10','0','ç™»å½•æˆåŠŸ','2023-03-01 19:32:46'),(176,'admin','127.0.0.1','å†…ç½‘IP','Chrome 11','Windows 10','0','ç™»å½•æˆåŠŸ','2023-03-01 19:37:48'),(177,'admin','127.0.0.1','å†…ç½‘IP','Chrome 11','Windows 10','0','ç™»å½•æˆåŠŸ','2023-03-01 19:41:09'),(178,'admin','127.0.0.1','å†…ç½‘IP','Chrome 11','Windows 10','0','ç™»å½•æˆåŠŸ','2023-03-01 19:53:44'),(179,'admin','127.0.0.1','å†…ç½‘IP','Chrome 11','Windows 10','0','ç™»å½•æˆåŠŸ','2023-03-01 19:56:05'),(180,'admin','127.0.0.1','å†…ç½‘IP','Chrome 11','Windows 10','0','é€€å‡ºæˆåŠŸ','2023-03-01 20:03:04'),(181,'chen','127.0.0.1','å†…ç½‘IP','Chrome 11','Windows 10','1','å¯†ç è¾“å…¥é”™è¯¯1æ¬¡','2023-03-01 20:03:09'),(182,'chen','127.0.0.1','å†…ç½‘IP','Chrome 11','Windows 10','1','å¯†ç è¾“å…¥é”™è¯¯2æ¬¡','2023-03-01 20:03:10'),(183,'chen','127.0.0.1','å†…ç½‘IP','Chrome 11','Windows 10','0','ç™»å½•æˆåŠŸ','2023-03-01 20:03:16'),(184,'chen','127.0.0.1','å†…ç½‘IP','Chrome 11','Windows 10','0','é€€å‡ºæˆåŠŸ','2023-03-01 20:03:37'),(185,'admin','127.0.0.1','å†…ç½‘IP','Chrome 11','Windows 10','0','ç™»å½•æˆåŠŸ','2023-03-01 20:03:38'),(186,'admin','127.0.0.1','å†…ç½‘IP','Chrome 11','Windows 10','0','é€€å‡ºæˆåŠŸ','2023-03-01 20:03:40'),(187,'admin','127.0.0.1','å†…ç½‘IP','Chrome 11','Windows 10','0','ç™»å½•æˆåŠŸ','2023-03-01 20:03:42'),(188,'admin','127.0.0.1','å†…ç½‘IP','Chrome 11','Windows 10','0','é€€å‡ºæˆåŠŸ','2023-03-01 20:06:23'),(189,'chen','127.0.0.1','å†…ç½‘IP','Chrome 11','Windows 10','0','ç™»å½•æˆåŠŸ','2023-03-01 20:06:32'),(190,'chen','127.0.0.1','å†…ç½‘IP','Chrome 11','Windows 10','0','é€€å‡ºæˆåŠŸ','2023-03-01 20:07:17'),(191,'admin','127.0.0.1','å†…ç½‘IP','Chrome 11','Windows 10','0','ç™»å½•æˆåŠŸ','2023-03-01 20:07:18');

/*Table structure for table `sys_menu` */

DROP TABLE IF EXISTS `sys_menu`;

CREATE TABLE `sys_menu` (
  `menu_id` bigint(20) NOT NULL AUTO_INCREMENT COMMENT 'èœå•ID',
  `menu_name` varchar(50) NOT NULL COMMENT 'èœå•åç§°',
  `parent_id` bigint(20) DEFAULT '0' COMMENT 'çˆ¶èœå•ID',
  `order_num` int(4) DEFAULT '0' COMMENT 'æ˜¾ç¤ºé¡ºåº',
  `url` varchar(200) DEFAULT '#' COMMENT 'è¯·æ±‚åœ°å€',
  `target` varchar(20) DEFAULT '' COMMENT 'æ‰“å¼€æ–¹å¼ï¼ˆmenuItemé¡µç­¾ menuBlankæ–°çª—å£ï¼‰',
  `menu_type` char(1) DEFAULT '' COMMENT 'èœå•ç±»å‹ï¼ˆMç›®å½• Cèœå• FæŒ‰é’®ï¼‰',
  `visible` char(1) DEFAULT '0' COMMENT 'èœå•çŠ¶æ€ï¼ˆ0æ˜¾ç¤º 1éšè—ï¼‰',
  `is_refresh` char(1) DEFAULT '1' COMMENT 'æ˜¯å¦åˆ·æ–°ï¼ˆ0åˆ·æ–° 1ä¸åˆ·æ–°ï¼‰',
  `perms` varchar(100) DEFAULT NULL COMMENT 'æƒé™æ ‡è¯†',
  `icon` varchar(100) DEFAULT '#' COMMENT 'èœå•å›¾æ ‡',
  `create_by` varchar(64) DEFAULT '' COMMENT 'åˆ›å»ºè€…',
  `create_time` datetime DEFAULT NULL COMMENT 'åˆ›å»ºæ—¶é—´',
  `update_by` varchar(64) DEFAULT '' COMMENT 'æ›´æ–°è€…',
  `update_time` datetime DEFAULT NULL COMMENT 'æ›´æ–°æ—¶é—´',
  `remark` varchar(500) DEFAULT '' COMMENT 'å¤‡æ³¨',
  PRIMARY KEY (`menu_id`)
) ENGINE=InnoDB AUTO_INCREMENT=1077 DEFAULT CHARSET=utf8 COMMENT='èœå•æƒé™è¡¨';

/*Data for the table `sys_menu` */

insert  into `sys_menu`(`menu_id`,`menu_name`,`parent_id`,`order_num`,`url`,`target`,`menu_type`,`visible`,`is_refresh`,`perms`,`icon`,`create_by`,`create_time`,`update_by`,`update_time`,`remark`) values (1,'ç³»ç»Ÿç®¡ç†',0,7,'#','','M','0','1','','fa fa-gear','admin','2023-02-23 11:57:27','',NULL,'ç³»ç»Ÿç®¡ç†ç›®å½•'),(2,'ç³»ç»Ÿç›‘æ§',0,8,'#','','M','0','1','','fa fa-video-camera','admin','2023-02-23 11:57:27','',NULL,'ç³»ç»Ÿç›‘æ§ç›®å½•'),(3,'ç³»ç»Ÿå·¥å…·',0,9,'#','','M','0','1','','fa fa-bars','admin','2023-02-23 11:57:27','',NULL,'ç³»ç»Ÿå·¥å…·ç›®å½•'),(4,'è‹¥ä¾å®˜ç½‘',0,10,'http://ruoyi.vip','menuBlank','C','0','1','','fa fa-location-arrow','admin','2023-02-23 11:57:27','',NULL,'è‹¥ä¾å®˜ç½‘åœ°å€'),(5,'å†œæˆ·æ”¶å…¥ä¿¡æ¯ç®¡ç†',0,1,'#','menuItem','C','0','1','','#','Chen','2023-03-01 16:34:18','admin','2023-03-01 17:00:41','å†œæˆ·æ”¶å…¥ä¿¡æ¯ç®¡ç†ç›®å½•'),(6,'æ”¶å…¥ä¿¡æ¯å¸¸ç”¨åŠŸèƒ½',0,2,'#','','C','0','1',NULL,'#','Chen','2023-03-01 16:34:21','',NULL,'æ”¶å…¥ä¿¡æ¯å¸¸ç”¨åŠŸèƒ½ç›®å½•'),(7,'å¹´åº¦äººå‡æ”¶å…¥å¯¹æ¯”',0,3,'#','','C','0','1',NULL,'#','Chen','2023-03-01 16:34:22','',NULL,'å¹´åº¦äººå‡æ”¶å…¥å¯¹æ¯”ç›®å½•'),(8,'å¹´åº¦ä¸€è§ˆè¡¨ç”Ÿæˆ',0,4,'#','','C','0','1',NULL,'#','Chen','2023-03-01 16:34:24','',NULL,'å¹´åº¦ä¸€è§ˆè¡¨ç”Ÿæˆç›®å½•'),(9,'å†œæˆ·ç®¡ç†',0,5,'agriculture/peasant_info','menuItem','C','0','1','','#','Chen','2023-03-01 18:55:53','admin','2023-03-01 19:28:22','å†œæˆ·ç®¡ç†ç›®å½•'),(10,'å­—å…¸ç®¡ç†',0,6,'/system/dict','menuItem','C','0','1','system:dict:view','#','admin','2023-02-23 11:57:27','admin','2023-03-01 16:59:36','å­—å…¸ç®¡ç†èœå•'),(100,'ç”¨æˆ·ç®¡ç†',1,1,'/system/user','menuItem','C','0','1','system:user:view','#','admin','2023-02-23 11:57:27','admin','2023-03-01 16:59:25','ç”¨æˆ·ç®¡ç†èœå•'),(101,'è§’è‰²ç®¡ç†',1,2,'/system/role','','C','0','1','system:role:view','fa fa-user-secret','admin','2023-02-23 11:57:27','',NULL,'è§’è‰²ç®¡ç†èœå•'),(102,'èœå•ç®¡ç†',1,3,'/system/menu','','C','0','1','system:menu:view','fa fa-th-list','admin','2023-02-23 11:57:27','',NULL,'èœå•ç®¡ç†èœå•'),(103,'éƒ¨é—¨ç®¡ç†',1,4,'/system/dept','','C','0','1','system:dept:view','fa fa-outdent','admin','2023-02-23 11:57:27','',NULL,'éƒ¨é—¨ç®¡ç†èœå•'),(104,'å²—ä½ç®¡ç†',1,5,'/system/post','','C','0','1','system:post:view','fa fa-address-card-o','admin','2023-02-23 11:57:27','',NULL,'å²—ä½ç®¡ç†èœå•'),(106,'å‚æ•°è®¾ç½®',1,7,'/system/config','','C','0','1','system:config:view','fa fa-sun-o','admin','2023-02-23 11:57:27','',NULL,'å‚æ•°è®¾ç½®èœå•'),(107,'é€šçŸ¥å…¬å‘Š',1,8,'/system/notice','','C','0','1','system:notice:view','fa fa-bullhorn','admin','2023-02-23 11:57:27','',NULL,'é€šçŸ¥å…¬å‘Šèœå•'),(108,'æ—¥å¿—ç®¡ç†',1,9,'#','','M','0','1','','fa fa-pencil-square-o','admin','2023-02-23 11:57:27','',NULL,'æ—¥å¿—ç®¡ç†èœå•'),(109,'åœ¨çº¿ç”¨æˆ·',2,1,'/monitor/online','','C','0','1','monitor:online:view','fa fa-user-circle','admin','2023-02-23 11:57:27','',NULL,'åœ¨çº¿ç”¨æˆ·èœå•'),(110,'å®šæ—¶ä»»åŠ¡',2,2,'/monitor/job','','C','0','1','monitor:job:view','fa fa-tasks','admin','2023-02-23 11:57:27','',NULL,'å®šæ—¶ä»»åŠ¡èœå•'),(111,'Druidå†…ç½®æ•°æ®ç›‘æ§åå°',2,3,'/monitor/data','menuItem','C','0','1','monitor:data:view','fa fa-bug','admin','2023-02-23 11:57:27','admin','2023-02-25 11:42:15','æ•°æ®ç›‘æ§èœå•'),(112,'æœåŠ¡ç›‘æ§',2,4,'/monitor/server','','C','0','1','monitor:server:view','fa fa-server','admin','2023-02-23 11:57:27','',NULL,'æœåŠ¡ç›‘æ§èœå•'),(113,'ç¼“å­˜ç›‘æ§',2,5,'/monitor/cache','','C','0','1','monitor:cache:view','fa fa-cube','admin','2023-02-23 11:57:27','',NULL,'ç¼“å­˜ç›‘æ§èœå•'),(114,'è¡¨å•æ„å»º',3,1,'/tool/build','','C','0','1','tool:build:view','fa fa-wpforms','admin','2023-02-23 11:57:27','',NULL,'è¡¨å•æ„å»ºèœå•'),(115,'ä»£ç ç”Ÿæˆ',3,2,'/tool/gen','','C','0','1','tool:gen:view','fa fa-code','admin','2023-02-23 11:57:27','',NULL,'ä»£ç ç”Ÿæˆèœå•'),(116,'Swaggerç³»ç»Ÿæ¥å£',3,3,'/tool/swagger','menuItem','C','0','1','tool:swagger:view','fa fa-gg','admin','2023-02-23 11:57:27','admin','2023-02-28 19:51:32','ç³»ç»Ÿæ¥å£èœå•'),(500,'æ“ä½œæ—¥å¿—',108,1,'/monitor/operlog','','C','0','1','monitor:operlog:view','fa fa-address-book','admin','2023-02-23 11:57:27','',NULL,'æ“ä½œæ—¥å¿—èœå•'),(501,'ç™»å½•æ—¥å¿—',108,2,'/monitor/logininfor','','C','0','1','monitor:logininfor:view','fa fa-file-image-o','admin','2023-02-23 11:57:27','',NULL,'ç™»å½•æ—¥å¿—èœå•'),(1000,'ç”¨æˆ·æŸ¥è¯¢',100,1,'#','menuItem','F','0','1','system:user:list','#','admin','2023-02-23 11:57:27','admin','2023-03-01 19:25:38',''),(1001,'ç”¨æˆ·æ–°å¢',100,2,'#','menuItem','F','0','1','system:user:add','#','admin','2023-02-23 11:57:27','admin','2023-03-01 19:25:51',''),(1002,'ç”¨æˆ·ä¿®æ”¹',100,3,'#','menuItem','F','0','1','system:user:edit','#','admin','2023-02-23 11:57:27','admin','2023-03-01 19:26:07',''),(1003,'ç”¨æˆ·åˆ é™¤',100,4,'#','menuItem','F','0','1','system:user:remove','#','admin','2023-02-23 11:57:27','admin','2023-03-01 19:26:30',''),(1004,'ç”¨æˆ·å¯¼å‡º',100,5,'#','menuItem','F','0','1','system:user:export','#','admin','2023-02-23 11:57:27','admin','2023-03-01 19:25:06',''),(1005,'ç”¨æˆ·å¯¼å…¥',100,6,'#','menuItem','F','0','1','system:user:import','#','admin','2023-02-23 11:57:27','admin','2023-03-01 19:26:46',''),(1006,'é‡ç½®å¯†ç ',100,7,'#','menuItem','F','0','1','system:user:resetPwd','#','admin','2023-02-23 11:57:27','admin','2023-03-01 19:27:34',''),(1007,'è§’è‰²æŸ¥è¯¢',101,1,'#','','F','0','1','system:role:list','#','admin','2023-02-23 11:57:27','',NULL,''),(1008,'è§’è‰²æ–°å¢',101,2,'#','','F','0','1','system:role:add','#','admin','2023-02-23 11:57:27','',NULL,''),(1009,'è§’è‰²ä¿®æ”¹',101,3,'#','','F','0','1','system:role:edit','#','admin','2023-02-23 11:57:27','',NULL,''),(1010,'è§’è‰²åˆ é™¤',101,4,'#','','F','0','1','system:role:remove','#','admin','2023-02-23 11:57:27','',NULL,''),(1011,'è§’è‰²å¯¼å‡º',101,5,'#','','F','0','1','system:role:export','#','admin','2023-02-23 11:57:27','',NULL,''),(1012,'èœå•æŸ¥è¯¢',102,1,'#','','F','0','1','system:menu:list','#','admin','2023-02-23 11:57:27','',NULL,''),(1013,'èœå•æ–°å¢',102,2,'#','','F','0','1','system:menu:add','#','admin','2023-02-23 11:57:27','',NULL,''),(1014,'èœå•ä¿®æ”¹',102,3,'#','','F','0','1','system:menu:edit','#','admin','2023-02-23 11:57:27','',NULL,''),(1015,'èœå•åˆ é™¤',102,4,'#','','F','0','1','system:menu:remove','#','admin','2023-02-23 11:57:27','',NULL,''),(1016,'éƒ¨é—¨æŸ¥è¯¢',103,1,'#','','F','0','1','system:dept:list','#','admin','2023-02-23 11:57:27','',NULL,''),(1017,'éƒ¨é—¨æ–°å¢',103,2,'#','','F','0','1','system:dept:add','#','admin','2023-02-23 11:57:27','',NULL,''),(1018,'éƒ¨é—¨ä¿®æ”¹',103,3,'#','','F','0','1','system:dept:edit','#','admin','2023-02-23 11:57:27','',NULL,''),(1019,'éƒ¨é—¨åˆ é™¤',103,4,'#','','F','0','1','system:dept:remove','#','admin','2023-02-23 11:57:27','',NULL,''),(1020,'å²—ä½æŸ¥è¯¢',104,1,'#','','F','0','1','system:post:list','#','admin','2023-02-23 11:57:27','',NULL,''),(1021,'å²—ä½æ–°å¢',104,2,'#','','F','0','1','system:post:add','#','admin','2023-02-23 11:57:27','',NULL,''),(1022,'å²—ä½ä¿®æ”¹',104,3,'#','','F','0','1','system:post:edit','#','admin','2023-02-23 11:57:27','',NULL,''),(1023,'å²—ä½åˆ é™¤',104,4,'#','','F','0','1','system:post:remove','#','admin','2023-02-23 11:57:27','',NULL,''),(1024,'å²—ä½å¯¼å‡º',104,5,'#','','F','0','1','system:post:export','#','admin','2023-02-23 11:57:27','',NULL,''),(1025,'å­—å…¸æŸ¥è¯¢',10,1,'#','','F','0','1','system:dict:list','#','admin','2023-02-23 11:57:27','',NULL,''),(1026,'å­—å…¸æ–°å¢',10,2,'#','','F','0','1','system:dict:add','#','admin','2023-02-23 11:57:27','',NULL,''),(1027,'å­—å…¸ä¿®æ”¹',10,3,'#','','F','0','1','system:dict:edit','#','admin','2023-02-23 11:57:27','',NULL,''),(1028,'å­—å…¸åˆ é™¤',10,4,'#','','F','0','1','system:dict:remove','#','admin','2023-02-23 11:57:27','',NULL,''),(1029,'å­—å…¸å¯¼å‡º',10,5,'#','','F','0','1','system:dict:export','#','admin','2023-02-23 11:57:27','',NULL,''),(1030,'å‚æ•°æŸ¥è¯¢',106,1,'#','','F','0','1','system:config:list','#','admin','2023-02-23 11:57:27','',NULL,''),(1031,'å‚æ•°æ–°å¢',106,2,'#','','F','0','1','system:config:add','#','admin','2023-02-23 11:57:27','',NULL,''),(1032,'å‚æ•°ä¿®æ”¹',106,3,'#','','F','0','1','system:config:edit','#','admin','2023-02-23 11:57:27','',NULL,''),(1033,'å‚æ•°åˆ é™¤',106,4,'#','','F','0','1','system:config:remove','#','admin','2023-02-23 11:57:27','',NULL,''),(1034,'å‚æ•°å¯¼å‡º',106,5,'#','','F','0','1','system:config:export','#','admin','2023-02-23 11:57:27','',NULL,''),(1035,'å…¬å‘ŠæŸ¥è¯¢',107,1,'#','','F','0','1','system:notice:list','#','admin','2023-02-23 11:57:28','',NULL,''),(1036,'å…¬å‘Šæ–°å¢',107,2,'#','','F','0','1','system:notice:add','#','admin','2023-02-23 11:57:28','',NULL,''),(1037,'å…¬å‘Šä¿®æ”¹',107,3,'#','','F','0','1','system:notice:edit','#','admin','2023-02-23 11:57:28','',NULL,''),(1038,'å…¬å‘Šåˆ é™¤',107,4,'#','','F','0','1','system:notice:remove','#','admin','2023-02-23 11:57:28','',NULL,''),(1039,'æ“ä½œæŸ¥è¯¢',500,1,'#','','F','0','1','monitor:operlog:list','#','admin','2023-02-23 11:57:28','',NULL,''),(1040,'æ“ä½œåˆ é™¤',500,2,'#','','F','0','1','monitor:operlog:remove','#','admin','2023-02-23 11:57:28','',NULL,''),(1041,'è¯¦ç»†ä¿¡æ¯',500,3,'#','','F','0','1','monitor:operlog:detail','#','admin','2023-02-23 11:57:28','',NULL,''),(1042,'æ—¥å¿—å¯¼å‡º',500,4,'#','','F','0','1','monitor:operlog:export','#','admin','2023-02-23 11:57:28','',NULL,''),(1043,'ç™»å½•æŸ¥è¯¢',501,1,'#','','F','0','1','monitor:logininfor:list','#','admin','2023-02-23 11:57:28','',NULL,''),(1044,'ç™»å½•åˆ é™¤',501,2,'#','','F','0','1','monitor:logininfor:remove','#','admin','2023-02-23 11:57:28','',NULL,''),(1045,'æ—¥å¿—å¯¼å‡º',501,3,'#','','F','0','1','monitor:logininfor:export','#','admin','2023-02-23 11:57:28','',NULL,''),(1046,'è´¦æˆ·è§£é”',501,4,'#','','F','0','1','monitor:logininfor:unlock','#','admin','2023-02-23 11:57:28','',NULL,''),(1047,'åœ¨çº¿æŸ¥è¯¢',109,1,'#','','F','0','1','monitor:online:list','#','admin','2023-02-23 11:57:28','',NULL,''),(1048,'æ‰¹é‡å¼ºé€€',109,2,'#','','F','0','1','monitor:online:batchForceLogout','#','admin','2023-02-23 11:57:28','',NULL,''),(1049,'å•æ¡å¼ºé€€',109,3,'#','','F','0','1','monitor:online:forceLogout','#','admin','2023-02-23 11:57:28','',NULL,''),(1050,'ä»»åŠ¡æŸ¥è¯¢',110,1,'#','','F','0','1','monitor:job:list','#','admin','2023-02-23 11:57:28','',NULL,''),(1051,'ä»»åŠ¡æ–°å¢',110,2,'#','','F','0','1','monitor:job:add','#','admin','2023-02-23 11:57:28','',NULL,''),(1052,'ä»»åŠ¡ä¿®æ”¹',110,3,'#','','F','0','1','monitor:job:edit','#','admin','2023-02-23 11:57:28','',NULL,''),(1053,'ä»»åŠ¡åˆ é™¤',110,4,'#','','F','0','1','monitor:job:remove','#','admin','2023-02-23 11:57:28','',NULL,''),(1054,'çŠ¶æ€ä¿®æ”¹',110,5,'#','','F','0','1','monitor:job:changeStatus','#','admin','2023-02-23 11:57:28','',NULL,''),(1055,'ä»»åŠ¡è¯¦ç»†',110,6,'#','','F','0','1','monitor:job:detail','#','admin','2023-02-23 11:57:28','',NULL,''),(1056,'ä»»åŠ¡å¯¼å‡º',110,7,'#','','F','0','1','monitor:job:export','#','admin','2023-02-23 11:57:28','',NULL,''),(1057,'ç”ŸæˆæŸ¥è¯¢',115,1,'#','','F','0','1','tool:gen:list','#','admin','2023-02-23 11:57:28','',NULL,''),(1058,'ç”Ÿæˆä¿®æ”¹',115,2,'#','','F','0','1','tool:gen:edit','#','admin','2023-02-23 11:57:28','',NULL,''),(1059,'ç”Ÿæˆåˆ é™¤',115,3,'#','','F','0','1','tool:gen:remove','#','admin','2023-02-23 11:57:28','',NULL,''),(1060,'é¢„è§ˆä»£ç ',115,4,'#','','F','0','1','tool:gen:preview','#','admin','2023-02-23 11:57:28','',NULL,''),(1061,'ç”Ÿæˆä»£ç ',115,5,'#','','F','0','1','tool:gen:code','#','admin','2023-02-23 11:57:28','',NULL,''),(1062,'æµ‹è¯•åŠŸèƒ½',0,0,'#','menuItem','M','0','1',NULL,'fa fa-window-maximize','admin','2023-02-24 20:30:38','',NULL,''),(1063,'å­¦ç”Ÿç®¡ç†',1062,1,'/student123/student','menuItem','C','0','1','student123:student:view','fa fa-mortar-board','admin','2023-02-24 20:43:39','',NULL,''),(1064,'å­¦ç”Ÿä¿®æ”¹',1063,1,'#','menuItem','F','0','1','student123:student:edit','#','admin','2023-02-24 20:45:14','',NULL,''),(1065,'å­¦ç”ŸæŸ¥è¯¢',1063,0,'#','menuItem','F','0','1','student123:student:list','#','admin','2023-02-24 20:47:32','',NULL,''),(1072,'å†œæˆ·ä¸ªäººä¿¡æ¯æŸ¥è¯¢',9,1,'#','','F','0','1','agriculture:peasant_info:list','#','admin','2023-03-01 19:21:28','',NULL,''),(1073,'å†œæˆ·ä¸ªäººä¿¡æ¯æ–°å¢',9,2,'#','','F','0','1','agriculture:peasant_info:add','#','admin','2023-03-01 19:21:28','',NULL,''),(1074,'å†œæˆ·ä¸ªäººä¿¡æ¯ä¿®æ”¹',9,3,'#','','F','0','1','agriculture:peasant_info:edit','#','admin','2023-03-01 19:21:28','',NULL,''),(1075,'å†œæˆ·ä¸ªäººä¿¡æ¯åˆ é™¤',9,4,'#','','F','0','1','agriculture:peasant_info:remove','#','admin','2023-03-01 19:21:28','',NULL,''),(1076,'å†œæˆ·ä¸ªäººä¿¡æ¯å¯¼å‡º',9,5,'#','','F','0','1','agriculture:peasant_info:export','#','admin','2023-03-01 19:21:28','',NULL,'');

/*Table structure for table `sys_notice` */

DROP TABLE IF EXISTS `sys_notice`;

CREATE TABLE `sys_notice` (
  `notice_id` int(4) NOT NULL AUTO_INCREMENT COMMENT 'å…¬å‘ŠID',
  `notice_title` varchar(50) NOT NULL COMMENT 'å…¬å‘Šæ ‡é¢˜',
  `notice_type` char(1) NOT NULL COMMENT 'å…¬å‘Šç±»å‹ï¼ˆ1é€šçŸ¥ 2å…¬å‘Šï¼‰',
  `notice_content` varchar(2000) DEFAULT NULL COMMENT 'å…¬å‘Šå†…å®¹',
  `status` char(1) DEFAULT '0' COMMENT 'å…¬å‘ŠçŠ¶æ€ï¼ˆ0æ­£å¸¸ 1å…³é—­ï¼‰',
  `create_by` varchar(64) DEFAULT '' COMMENT 'åˆ›å»ºè€…',
  `create_time` datetime DEFAULT NULL COMMENT 'åˆ›å»ºæ—¶é—´',
  `update_by` varchar(64) DEFAULT '' COMMENT 'æ›´æ–°è€…',
  `update_time` datetime DEFAULT NULL COMMENT 'æ›´æ–°æ—¶é—´',
  `remark` varchar(255) DEFAULT NULL COMMENT 'å¤‡æ³¨',
  PRIMARY KEY (`notice_id`)
) ENGINE=InnoDB DEFAULT CHARSET=utf8 COMMENT='é€šçŸ¥å…¬å‘Šè¡¨';

/*Data for the table `sys_notice` */

/*Table structure for table `sys_oper_log` */

DROP TABLE IF EXISTS `sys_oper_log`;

CREATE TABLE `sys_oper_log` (
  `oper_id` bigint(20) NOT NULL AUTO_INCREMENT COMMENT 'æ—¥å¿—ä¸»é”®',
  `title` varchar(50) DEFAULT '' COMMENT 'æ¨¡å—æ ‡é¢˜',
  `business_type` int(2) DEFAULT '0' COMMENT 'ä¸šåŠ¡ç±»å‹ï¼ˆ0å…¶å®ƒ 1æ–°å¢ 2ä¿®æ”¹ 3åˆ é™¤ï¼‰',
  `method` varchar(100) DEFAULT '' COMMENT 'æ–¹æ³•åç§°',
  `request_method` varchar(10) DEFAULT '' COMMENT 'è¯·æ±‚æ–¹å¼',
  `operator_type` int(1) DEFAULT '0' COMMENT 'æ“ä½œç±»åˆ«ï¼ˆ0å…¶å®ƒ 1åå°ç”¨æˆ· 2æ‰‹æœºç«¯ç”¨æˆ·ï¼‰',
  `oper_name` varchar(50) DEFAULT '' COMMENT 'æ“ä½œäººå‘˜',
  `dept_name` varchar(50) DEFAULT '' COMMENT 'éƒ¨é—¨åç§°',
  `oper_url` varchar(255) DEFAULT '' COMMENT 'è¯·æ±‚URL',
  `oper_ip` varchar(128) DEFAULT '' COMMENT 'ä¸»æœºåœ°å€',
  `oper_location` varchar(255) DEFAULT '' COMMENT 'æ“ä½œåœ°ç‚¹',
  `oper_param` varchar(2000) DEFAULT '' COMMENT 'è¯·æ±‚å‚æ•°',
  `json_result` varchar(2000) DEFAULT '' COMMENT 'è¿”å›å‚æ•°',
  `status` int(1) DEFAULT '0' COMMENT 'æ“ä½œçŠ¶æ€ï¼ˆ0æ­£å¸¸ 1å¼‚å¸¸ï¼‰',
  `error_msg` varchar(2000) DEFAULT '' COMMENT 'é”™è¯¯æ¶ˆæ¯',
  `oper_time` datetime DEFAULT NULL COMMENT 'æ“ä½œæ—¶é—´',
  `cost_time` bigint(20) DEFAULT '0' COMMENT 'æ¶ˆè€—æ—¶é—´',
  PRIMARY KEY (`oper_id`),
  KEY `idx_sys_oper_log_bt` (`business_type`),
  KEY `idx_sys_oper_log_s` (`status`),
  KEY `idx_sys_oper_log_ot` (`oper_time`)
) ENGINE=InnoDB AUTO_INCREMENT=190 DEFAULT CHARSET=utf8 COMMENT='æ“ä½œæ—¥å¿—è®°å½•';

/*Data for the table `sys_oper_log` */

insert  into `sys_oper_log`(`oper_id`,`title`,`business_type`,`method`,`request_method`,`operator_type`,`oper_name`,`dept_name`,`oper_url`,`oper_ip`,`oper_location`,`oper_param`,`json_result`,`status`,`error_msg`,`oper_time`,`cost_time`) values (100,'è§’è‰²ç®¡ç†',2,'com.ruoyi.project.system.role.controller.RoleController.editSave()','POST',1,'admin','ç ”å‘éƒ¨é—¨','/RuoYi-fast/system/role/edit','127.0.0.1','å†…ç½‘IP','{\"roleId\":[\"2\"],\"roleName\":[\"æ™®é€š\"],\"roleKey\":[\"common\"],\"roleSort\":[\"2\"],\"status\":[\"0\"],\"remark\":[\"æ™®é€š\"],\"menuIds\":[\"1,100,1000,1001,1002,1003,1004,1005,1006,101,1007,1008,1009,1010,1011,102,1012,1013,1014,1015,103,1016,1017,1018,1019,104,1020,1021,1022,1023,1024,105,1025,1026,1027,1028,1029,106,1030,1031,1032,1033,1034,107,1035,1036,1037,1038,108,500,1039,1040,1041,1042,501,1043,1044,1045,1046,2,109,1047,1048,1049,110,1050,1051,1052,1053,1054,1055,1056,111,112,113,3,114,115,1057,1058,1059,1060,1061,116,4\"]}','{\"msg\":\"æ“ä½œæˆåŠŸ\",\"code\":0}',0,NULL,'2023-02-23 12:15:09',65),(101,'è§’è‰²ç®¡ç†',2,'com.ruoyi.project.system.role.controller.RoleController.editSave()','POST',1,'admin','ç ”å‘éƒ¨é—¨','/RuoYi-fast/system/role/edit','127.0.0.1','å†…ç½‘IP','{\"roleId\":[\"2\"],\"roleName\":[\"æ™®é€š\"],\"roleKey\":[\"common\"],\"roleSort\":[\"2\"],\"status\":[\"0\"],\"remark\":[\"æ™®é€šk\"],\"menuIds\":[\"1,100,1000,1001,1002,1003,1004,1005,1006,101,1007,1008,1009,1010,1011,102,1012,1013,1014,1015,103,1016,1017,1018,1019,104,1020,1021,1022,1023,1024,105,1025,1026,1027,1028,1029,106,1030,1031,1032,1033,1034,107,1035,1036,1037,1038,108,500,1039,1040,1041,1042,501,1043,1044,1045,1046,2,109,1047,1048,1049,110,1050,1051,1052,1053,1054,1055,1056,111,112,113,3,114,115,1057,1058,1059,1060,1061,116,4\"]}','{\"msg\":\"æ“ä½œæˆåŠŸ\",\"code\":0}',0,NULL,'2023-02-23 12:15:25',19),(102,'ç”¨æˆ·ç®¡ç†',2,'com.ruoyi.project.system.user.controller.UserController.editSave()','POST',1,'admin','ç ”å‘éƒ¨é—¨','/RuoYi-fast/system/user/edit','127.0.0.1','å†…ç½‘IP','{\"userId\":[\"2\"],\"deptId\":[\"105\"],\"userName\":[\"1\"],\"dept.deptName\":[\"æµ‹è¯•éƒ¨é—¨\"],\"phonenumber\":[\"15666666666\"],\"email\":[\"\"],\"loginName\":[\"ry\"],\"sex\":[\"1\"],\"role\":[\"2\"],\"remark\":[\"æµ‹è¯•å‘˜\"],\"status\":[\"0\"],\"roleIds\":[\"2\"],\"postIds\":[\"\"]}','{\"msg\":\"æ“ä½œæˆåŠŸ\",\"code\":0}',0,NULL,'2023-02-23 12:16:26',11),(103,'éƒ¨é—¨ç®¡ç†',3,'com.ruoyi.project.system.dept.controller.DeptController.remove()','GET',1,'admin','ç ”å‘éƒ¨é—¨','/RuoYi-fast/system/dept/remove/109','127.0.0.1','å†…ç½‘IP','109','{\"msg\":\"æ“ä½œæˆåŠŸ\",\"code\":0}',0,NULL,'2023-02-23 12:17:12',7),(104,'éƒ¨é—¨ç®¡ç†',3,'com.ruoyi.project.system.dept.controller.DeptController.remove()','GET',1,'admin','ç ”å‘éƒ¨é—¨','/RuoYi-fast/system/dept/remove/108','127.0.0.1','å†…ç½‘IP','108','{\"msg\":\"æ“ä½œæˆåŠŸ\",\"code\":0}',0,NULL,'2023-02-23 12:17:16',5),(105,'éƒ¨é—¨ç®¡ç†',3,'com.ruoyi.project.system.dept.controller.DeptController.remove()','GET',1,'admin','ç ”å‘éƒ¨é—¨','/RuoYi-fast/system/dept/remove/102','127.0.0.1','å†…ç½‘IP','102','{\"msg\":\"æ“ä½œæˆåŠŸ\",\"code\":0}',0,NULL,'2023-02-23 12:17:19',6),(106,'éƒ¨é—¨ç®¡ç†',3,'com.ruoyi.project.system.dept.controller.DeptController.remove()','GET',1,'admin','ç ”å‘éƒ¨é—¨','/RuoYi-fast/system/dept/remove/107','127.0.0.1','å†…ç½‘IP','107','{\"msg\":\"æ“ä½œæˆåŠŸ\",\"code\":0}',0,NULL,'2023-02-23 12:17:22',5),(107,'ç”¨æˆ·ç®¡ç†',2,'com.ruoyi.project.system.user.controller.UserController.changeStatus()','POST',1,'admin','ç ”å‘éƒ¨é—¨','/RuoYi-fast/system/user/changeStatus','127.0.0.1','å†…ç½‘IP','{\"userId\":[\"1\"],\"status\":[\"1\"]}',NULL,1,'ä¸å…è®¸æ“ä½œè¶…çº§ç®¡ç†å‘˜ç”¨æˆ·','2023-02-23 12:18:42',0),(108,'ç”¨æˆ·ç®¡ç†',3,'com.ruoyi.project.system.user.controller.UserController.remove()','POST',1,'admin','ç ”å‘éƒ¨é—¨','/RuoYi-fast/system/user/remove','127.0.0.1','å†…ç½‘IP','{\"ids\":[\"2\"]}','{\"msg\":\"æ“ä½œæˆåŠŸ\",\"code\":0}',0,NULL,'2023-02-23 12:18:50',8),(109,'åœ¨çº¿ç”¨æˆ·',7,'com.ruoyi.project.monitor.online.controller.UserOnlineController.batchForceLogout()','POST',1,'admin','ç ”å‘éƒ¨é—¨','/RuoYi-fast/monitor/online/batchForceLogout','127.0.0.1','å†…ç½‘IP','{\"ids\":[\"dc693a49-c238-49f4-9959-5fb1995e22b8\"]}','{\"msg\":\"æ“ä½œæˆåŠŸ\",\"code\":0}',0,NULL,'2023-02-23 12:19:50',9),(110,'å®šæ—¶ä»»åŠ¡',3,'com.ruoyi.project.monitor.job.controller.JobController.remove()','POST',1,'admin','ç ”å‘éƒ¨é—¨','/RuoYi-fast/monitor/job/remove','127.0.0.1','å†…ç½‘IP','{\"ids\":[\"1\"]}','{\"msg\":\"æ“ä½œæˆåŠŸ\",\"code\":0}',0,NULL,'2023-02-23 12:20:08',7),(111,'ä»£ç ç”Ÿæˆ',6,'com.ruoyi.project.tool.gen.controller.GenController.importTableSave()','POST',1,'admin','ç ”å‘éƒ¨é—¨','/RuoYi-fast/tool/gen/importTable','127.0.0.1','å†…ç½‘IP','{\"tables\":[\"sys_user_role\"]}','{\"msg\":\"æ“ä½œæˆåŠŸ\",\"code\":0}',0,NULL,'2023-02-23 12:20:48',20),(112,'å‚æ•°ç®¡ç†',2,'com.ruoyi.project.system.config.controller.ConfigController.editSave()','POST',1,'admin','ç ”å‘éƒ¨é—¨','/RuoYi-fast/system/config/edit','127.0.0.1','å†…ç½‘IP','{\"configId\":[\"9\"],\"configName\":[\"ä¸»æ¡†æ¶é¡µ-æ˜¯å¦å¼€å¯é¡µè„š\"],\"configKey\":[\"sys.index.footer\"],\"configValue\":[\"false\"],\"configType\":[\"Y\"],\"remark\":[\"æ˜¯å¦å¼€å¯åº•éƒ¨é¡µè„šæ˜¾ç¤ºï¼ˆtrueæ˜¾ç¤ºï¼Œfalseéšè—ï¼‰\"]}','{\"msg\":\"æ“ä½œæˆåŠŸ\",\"code\":0}',0,NULL,'2023-02-23 12:22:11',7),(113,'å‚æ•°ç®¡ç†',2,'com.ruoyi.project.system.config.controller.ConfigController.editSave()','POST',1,'admin','ç ”å‘éƒ¨é—¨','/RuoYi-fast/system/config/edit','127.0.0.1','å†…ç½‘IP','{\"configId\":[\"10\"],\"configName\":[\"ä¸»æ¡†æ¶é¡µ-æ˜¯å¦å¼€å¯é¡µç­¾\"],\"configKey\":[\"sys.index.tagsView\"],\"configValue\":[\"false\"],\"configType\":[\"Y\"],\"remark\":[\"æ˜¯å¦å¼€å¯èœå•å¤šé¡µç­¾æ˜¾ç¤ºï¼ˆtrueæ˜¾ç¤ºï¼Œfalseéšè—ï¼‰\"]}','{\"msg\":\"æ“ä½œæˆåŠŸ\",\"code\":0}',0,NULL,'2023-02-23 12:22:35',17),(114,'éƒ¨é—¨ç®¡ç†',3,'com.ruoyi.project.system.dept.controller.DeptController.remove()','GET',1,'admin','ç ”å‘éƒ¨é—¨','/RuoYi-fast/system/dept/remove/106','127.0.0.1','å†…ç½‘IP','106','{\"msg\":\"æ“ä½œæˆåŠŸ\",\"code\":0}',0,NULL,'2023-02-23 12:23:02',6),(115,'éƒ¨é—¨ç®¡ç†',3,'com.ruoyi.project.system.dept.controller.DeptController.remove()','GET',1,'admin','ç ”å‘éƒ¨é—¨','/RuoYi-fast/system/dept/remove/105','127.0.0.1','å†…ç½‘IP','105','{\"msg\":\"æ“ä½œæˆåŠŸ\",\"code\":0}',0,NULL,'2023-02-23 12:23:08',5),(116,'éƒ¨é—¨ç®¡ç†',3,'com.ruoyi.project.system.dept.controller.DeptController.remove()','GET',1,'admin','ç ”å‘éƒ¨é—¨','/RuoYi-fast/system/dept/remove/104','127.0.0.1','å†…ç½‘IP','104','{\"msg\":\"æ“ä½œæˆåŠŸ\",\"code\":0}',0,NULL,'2023-02-23 12:23:10',7),(117,'éƒ¨é—¨ç®¡ç†',3,'com.ruoyi.project.system.dept.controller.DeptController.remove()','GET',1,'admin','ç ”å‘éƒ¨é—¨','/RuoYi-fast/system/dept/remove/103','127.0.0.1','å†…ç½‘IP','103','{\"msg\":\"éƒ¨é—¨å­˜åœ¨ç”¨æˆ·,ä¸å…è®¸åˆ é™¤\",\"code\":301}',0,NULL,'2023-02-23 12:23:13',3),(118,'é€šçŸ¥å…¬å‘Š',2,'com.ruoyi.project.system.notice.controller.NoticeController.editSave()','POST',1,'admin','ç ”å‘éƒ¨é—¨','/RuoYi-fast/system/notice/edit','127.0.0.1','å†…ç½‘IP','{\"noticeId\":[\"2\"],\"noticeTitle\":[\"ç»´æŠ¤é€šçŸ¥ï¼š2018-07-01 è‹¥ä¾ç³»ç»Ÿå‡Œæ™¨ç»´æŠ¤\"],\"noticeType\":[\"1\"],\"noticeContent\":[\"ç»´æŠ¤å†…å®¹\"],\"status\":[\"0\"]}','{\"msg\":\"æ“ä½œæˆåŠŸ\",\"code\":0}',0,NULL,'2023-02-23 12:24:59',3),(119,'é€šçŸ¥å…¬å‘Š',3,'com.ruoyi.project.system.notice.controller.NoticeController.remove()','POST',1,'admin','ç ”å‘éƒ¨é—¨','/RuoYi-fast/system/notice/remove','127.0.0.1','å†…ç½‘IP','{\"ids\":[\"1\"]}','{\"msg\":\"æ“ä½œæˆåŠŸ\",\"code\":0}',0,NULL,'2023-02-23 12:25:18',3),(120,'é€šçŸ¥å…¬å‘Š',3,'com.ruoyi.project.system.notice.controller.NoticeController.remove()','POST',1,'admin','ç ”å‘éƒ¨é—¨','/RuoYi-fast/system/notice/remove','127.0.0.1','å†…ç½‘IP','{\"ids\":[\"2\"]}','{\"msg\":\"æ“ä½œæˆåŠŸ\",\"code\":0}',0,NULL,'2023-02-23 12:25:22',3),(121,'å²—ä½ç®¡ç†',3,'com.ruoyi.project.system.post.controller.PostController.remove()','POST',1,'admin','ç ”å‘éƒ¨é—¨','/RuoYi-fast/system/post/remove','127.0.0.1','å†…ç½‘IP','{\"ids\":[\"2\"]}','{\"msg\":\"æ“ä½œæˆåŠŸ\",\"code\":0}',0,NULL,'2023-02-23 12:25:50',4),(122,'å²—ä½ç®¡ç†',3,'com.ruoyi.project.system.post.controller.PostController.remove()','POST',1,'admin','ç ”å‘éƒ¨é—¨','/RuoYi-fast/system/post/remove','127.0.0.1','å†…ç½‘IP','{\"ids\":[\"3\"]}','{\"msg\":\"æ“ä½œæˆåŠŸ\",\"code\":0}',0,NULL,'2023-02-23 12:25:53',4),(123,'å‚æ•°ç®¡ç†',3,'com.ruoyi.project.system.config.controller.ConfigController.remove()','POST',1,'admin','ç ”å‘éƒ¨é—¨','/RuoYi-fast/system/config/remove','127.0.0.1','å†…ç½‘IP','{\"ids\":[\"3\"]}',NULL,1,'å†…ç½®å‚æ•°ã€sys.index.sideThemeã€‘ä¸èƒ½åˆ é™¤ ','2023-02-24 19:17:57',48),(124,'å‚æ•°ç®¡ç†',2,'com.ruoyi.project.system.config.controller.ConfigController.editSave()','POST',1,'admin','ç ”å‘éƒ¨é—¨','/RuoYi-fast/system/config/edit','127.0.0.1','å†…ç½‘IP','{\"configId\":[\"10\"],\"configName\":[\"ä¸»æ¡†æ¶é¡µ-æ˜¯å¦å¼€å¯é¡µç­¾\"],\"configKey\":[\"sys.index.tagsView\"],\"configValue\":[\"true\"],\"configType\":[\"Y\"],\"remark\":[\"æ˜¯å¦å¼€å¯èœå•å¤šé¡µç­¾æ˜¾ç¤ºï¼ˆtrueæ˜¾ç¤ºï¼Œfalseéšè—ï¼‰\"]}','{\"msg\":\"æ“ä½œæˆåŠŸ\",\"code\":0}',0,NULL,'2023-02-24 19:18:11',10),(125,'å‚æ•°ç®¡ç†',2,'com.ruoyi.project.system.config.controller.ConfigController.editSave()','POST',1,'admin','ç ”å‘éƒ¨é—¨','/RuoYi-fast/system/config/edit','127.0.0.1','å†…ç½‘IP','{\"configId\":[\"9\"],\"configName\":[\"ä¸»æ¡†æ¶é¡µ-æ˜¯å¦å¼€å¯é¡µè„š\"],\"configKey\":[\"sys.index.footer\"],\"configValue\":[\"true\"],\"configType\":[\"Y\"],\"remark\":[\"æ˜¯å¦å¼€å¯åº•éƒ¨é¡µè„šæ˜¾ç¤ºï¼ˆtrueæ˜¾ç¤ºï¼Œfalseéšè—ï¼‰\"]}','{\"msg\":\"æ“ä½œæˆåŠŸ\",\"code\":0}',0,NULL,'2023-02-24 19:19:19',9),(126,'èœå•ç®¡ç†',3,'com.ruoyi.project.system.menu.controller.MenuController.remove()','GET',1,'admin','ç ”å‘éƒ¨é—¨','/RuoYi-fast/system/menu/remove/4','127.0.0.1','å†…ç½‘IP','4','{\"msg\":\"èœå•å·²åˆ†é…,ä¸å…è®¸åˆ é™¤\",\"code\":301}',0,NULL,'2023-02-24 20:04:15',46),(127,'ä»£ç ç”Ÿæˆ',3,'com.ruoyi.project.tool.gen.controller.GenController.remove()','POST',1,'admin','ç ”å‘éƒ¨é—¨','/RuoYi-fast/tool/gen/remove','127.0.0.1','å†…ç½‘IP','{\"ids\":[\"1\"]}','{\"msg\":\"æ“ä½œæˆåŠŸ\",\"code\":0}',0,NULL,'2023-02-24 20:26:56',50),(128,'ä»£ç ç”Ÿæˆ',6,'com.ruoyi.project.tool.gen.controller.GenController.importTableSave()','POST',1,'admin','ç ”å‘éƒ¨é—¨','/RuoYi-fast/tool/gen/importTable','127.0.0.1','å†…ç½‘IP','{\"tables\":[\"stu_info\"]}','{\"msg\":\"æ“ä½œæˆåŠŸ\",\"code\":0}',0,NULL,'2023-02-24 20:27:28',35),(129,'èœå•ç®¡ç†',1,'com.ruoyi.project.system.menu.controller.MenuController.addSave()','POST',1,'admin','ç ”å‘éƒ¨é—¨','/RuoYi-fast/system/menu/add','127.0.0.1','å†…ç½‘IP','{\"parentId\":[\"0\"],\"menuType\":[\"M\"],\"menuName\":[\"æµ‹è¯•åŠŸèƒ½\"],\"url\":[\"\"],\"target\":[\"menuItem\"],\"perms\":[\"\"],\"orderNum\":[\"0\"],\"icon\":[\"fa fa-window-maximize\"],\"visible\":[\"0\"],\"isRefresh\":[\"1\"]}','{\"msg\":\"æ“ä½œæˆåŠŸ\",\"code\":0}',0,NULL,'2023-02-24 20:30:38',9),(130,'ä»£ç ç”Ÿæˆ',2,'com.ruoyi.project.tool.gen.controller.GenController.editSave()','POST',1,'admin','ç ”å‘éƒ¨é—¨','/RuoYi-fast/tool/gen/edit','127.0.0.1','å†…ç½‘IP','{\"tableId\":[\"2\"],\"tableName\":[\"stu_info\"],\"tableComment\":[\"ä¸ªäººæµ‹è¯•ä»£ç ç”ŸæˆåŠŸèƒ½æ‰€åˆ›å»ºçš„å­¦ç”Ÿè¡¨\"],\"className\":[\"StuInfo\"],\"functionAuthor\":[\"ruoyi\"],\"remark\":[\"\"],\"columns[0].columnId\":[\"3\"],\"columns[0].sort\":[\"1\"],\"columns[0].columnComment\":[\"è‡ªå¢ä¸»é”®ï¼ˆä¸ä¸šåŠ¡æ— å…³ï¼‰\"],\"columns[0].javaType\":[\"Long\"],\"columns[0].javaField\":[\"id\"],\"columns[0].queryType\":[\"EQ\"],\"columns[0].htmlType\":[\"input\"],\"columns[0].dictType\":[\"\"],\"columns[1].columnId\":[\"4\"],\"columns[1].sort\":[\"2\"],\"columns[1].columnComment\":[\"å­¦ç”Ÿç¼–å·\"],\"columns[1].javaType\":[\"Long\"],\"columns[1].javaField\":[\"stuId\"],\"columns[1].isInsert\":[\"1\"],\"columns[1].isEdit\":[\"1\"],\"columns[1].isList\":[\"1\"],\"columns[1].isQuery\":[\"1\"],\"columns[1].queryType\":[\"EQ\"],\"columns[1].isRequired\":[\"1\"],\"columns[1].htmlType\":[\"input\"],\"columns[1].dictType\":[\"\"],\"columns[2].columnId\":[\"5\"],\"columns[2].sort\":[\"3\"],\"columns[2].columnComment\":[\"å­¦ç”Ÿå§“å\"],\"columns[2].javaType\":[\"String\"],\"columns[2].javaField\":[\"stuName\"],\"columns[2].isInsert\":[\"1\"],\"columns[2].isEdit\":[\"1\"],\"columns[2].isList\":[\"1\"],\"columns[2].isQuery\":[\"1\"],\"columns[2].queryType\":[\"LIKE\"],\"columns[2].htmlType\":[\"input\"],\"columns[2].dictType\":[\"\"],\"columns[3].columnId\":[\"6\"],\"columns[3].sort\":[\"4\"],\"columns[3].columnComment\":[\"å­¦ç”Ÿå¹´é¾„\"],\"columns[3].javaType\":[\"Long\"],\"columns[3].javaField\":[\"stuAge\"],\"columns[3].isInsert\":[\"1\"],\"columns[3].isEdit\":[\"1\"],\"columns[3].isList\":[\"1\"],\"columns[3].isQuery\":[\"1\"],\"columns[3].queryType\":[\"EQ\"],\"columns[3].htmlType\":[\"input\"],\"columns[3].dictType\":[\"\"],\"columns[4].columnId\":[\"7\"],\"columns[4].sort\":[\"5\"],\"columns[4].columnComment\":[\"å­¦ç”Ÿæ€§åˆ«ï¼ˆ0æ˜¯å¥³  1æ˜¯ç”·ï¼‰\"],\"columns[4].javaType\":[\"Long\"],\"columns[4].javaField\":[\"stuSex\"],\"columns[4].isInsert\":[\"1\"],\"columns[4].isEdit\":[\"1\"],\"columns[4].isList\":[\"1\"],\"columns[4].isQuery\":[\"1\"],\"columns[4].queryType\":[\"EQ\"],\"columns[4].htmlType\":[\"select\"],\"columns[4].dictType\":[\"\"],\"tplCategory\":[\"crud\"],\"packageName\":[\"com.ruoyi.project\"],\"moduleName\":[\"student\"],\"businessName\":[\"student_service\"],\"functionName\":[\"å­¦ç”Ÿï¼ˆæµ‹è¯•ä»£ç ç”ŸæˆåŠŸèƒ½ï¼‰\"],\"params[parentMenuI','{\"msg\":\"æ“ä½œæˆåŠŸ\",\"code\":0}',0,NULL,'2023-02-24 20:34:49',17),(131,'ä»£ç ç”Ÿæˆ',2,'com.ruoyi.project.tool.gen.controller.GenController.editSave()','POST',1,'admin','ç ”å‘éƒ¨é—¨','/RuoYi-fast/tool/gen/edit','127.0.0.1','å†…ç½‘IP','{\"tableId\":[\"2\"],\"tableName\":[\"stu_info\"],\"tableComment\":[\"ä¸ªäººæµ‹è¯•ä»£ç ç”ŸæˆåŠŸèƒ½æ‰€åˆ›å»ºçš„å­¦ç”Ÿè¡¨\"],\"className\":[\"StuInfo\"],\"functionAuthor\":[\"ruoyi\"],\"remark\":[\"\"],\"columns[0].columnId\":[\"3\"],\"columns[0].sort\":[\"1\"],\"columns[0].columnComment\":[\"è‡ªå¢ä¸»é”®ï¼ˆä¸ä¸šåŠ¡æ— å…³ï¼‰\"],\"columns[0].javaType\":[\"Long\"],\"columns[0].javaField\":[\"id\"],\"columns[0].queryType\":[\"EQ\"],\"columns[0].htmlType\":[\"input\"],\"columns[0].dictType\":[\"\"],\"columns[1].columnId\":[\"4\"],\"columns[1].sort\":[\"2\"],\"columns[1].columnComment\":[\"å­¦ç”Ÿç¼–å·\"],\"columns[1].javaType\":[\"Long\"],\"columns[1].javaField\":[\"stuId\"],\"columns[1].isInsert\":[\"1\"],\"columns[1].isEdit\":[\"1\"],\"columns[1].isList\":[\"1\"],\"columns[1].isQuery\":[\"1\"],\"columns[1].queryType\":[\"EQ\"],\"columns[1].isRequired\":[\"1\"],\"columns[1].htmlType\":[\"input\"],\"columns[1].dictType\":[\"\"],\"columns[2].columnId\":[\"5\"],\"columns[2].sort\":[\"3\"],\"columns[2].columnComment\":[\"å­¦ç”Ÿå§“å\"],\"columns[2].javaType\":[\"String\"],\"columns[2].javaField\":[\"stuName\"],\"columns[2].isInsert\":[\"1\"],\"columns[2].isEdit\":[\"1\"],\"columns[2].isList\":[\"1\"],\"columns[2].isQuery\":[\"1\"],\"columns[2].queryType\":[\"LIKE\"],\"columns[2].htmlType\":[\"input\"],\"columns[2].dictType\":[\"\"],\"columns[3].columnId\":[\"6\"],\"columns[3].sort\":[\"4\"],\"columns[3].columnComment\":[\"å­¦ç”Ÿå¹´é¾„\"],\"columns[3].javaType\":[\"Long\"],\"columns[3].javaField\":[\"stuAge\"],\"columns[3].isInsert\":[\"1\"],\"columns[3].isEdit\":[\"1\"],\"columns[3].isList\":[\"1\"],\"columns[3].isQuery\":[\"1\"],\"columns[3].queryType\":[\"EQ\"],\"columns[3].htmlType\":[\"input\"],\"columns[3].dictType\":[\"\"],\"columns[4].columnId\":[\"7\"],\"columns[4].sort\":[\"5\"],\"columns[4].columnComment\":[\"å­¦ç”Ÿæ€§åˆ«ï¼ˆ0æ˜¯å¥³  1æ˜¯ç”·ï¼‰\"],\"columns[4].javaType\":[\"Long\"],\"columns[4].javaField\":[\"stuSex\"],\"columns[4].isInsert\":[\"1\"],\"columns[4].isEdit\":[\"1\"],\"columns[4].isList\":[\"1\"],\"columns[4].isQuery\":[\"1\"],\"columns[4].queryType\":[\"EQ\"],\"columns[4].htmlType\":[\"select\"],\"columns[4].dictType\":[\"\"],\"tplCategory\":[\"crud\"],\"packageName\":[\"com.ruoyi.project\"],\"moduleName\":[\"student123\"],\"businessName\":[\"student\"],\"functionName\":[\"å­¦ç”Ÿï¼ˆæµ‹è¯•ä»£ç ç”ŸæˆåŠŸèƒ½ï¼‰\"],\"params[parentMenuId]\":[','{\"msg\":\"æ“ä½œæˆåŠŸ\",\"code\":0}',0,NULL,'2023-02-24 20:36:00',10),(132,'ä»£ç ç”Ÿæˆ',2,'com.ruoyi.project.tool.gen.controller.GenController.editSave()','POST',1,'admin','ç ”å‘éƒ¨é—¨','/RuoYi-fast/tool/gen/edit','127.0.0.1','å†…ç½‘IP','{\"tableId\":[\"2\"],\"tableName\":[\"stu_info\"],\"tableComment\":[\"ä¸ªäººæµ‹è¯•ä»£ç ç”ŸæˆåŠŸèƒ½æ‰€åˆ›å»ºçš„å­¦ç”Ÿè¡¨\"],\"className\":[\"StuInfo\"],\"functionAuthor\":[\"Chen\"],\"remark\":[\"\"],\"columns[0].columnId\":[\"3\"],\"columns[0].sort\":[\"1\"],\"columns[0].columnComment\":[\"è‡ªå¢ä¸»é”®ï¼ˆä¸ä¸šåŠ¡æ— å…³ï¼‰\"],\"columns[0].javaType\":[\"Long\"],\"columns[0].javaField\":[\"id\"],\"columns[0].queryType\":[\"EQ\"],\"columns[0].htmlType\":[\"input\"],\"columns[0].dictType\":[\"\"],\"columns[1].columnId\":[\"4\"],\"columns[1].sort\":[\"2\"],\"columns[1].columnComment\":[\"å­¦ç”Ÿç¼–å·\"],\"columns[1].javaType\":[\"Long\"],\"columns[1].javaField\":[\"stuId\"],\"columns[1].isInsert\":[\"1\"],\"columns[1].isEdit\":[\"1\"],\"columns[1].isList\":[\"1\"],\"columns[1].isQuery\":[\"1\"],\"columns[1].queryType\":[\"EQ\"],\"columns[1].isRequired\":[\"1\"],\"columns[1].htmlType\":[\"input\"],\"columns[1].dictType\":[\"\"],\"columns[2].columnId\":[\"5\"],\"columns[2].sort\":[\"3\"],\"columns[2].columnComment\":[\"å­¦ç”Ÿå§“å\"],\"columns[2].javaType\":[\"String\"],\"columns[2].javaField\":[\"stuName\"],\"columns[2].isInsert\":[\"1\"],\"columns[2].isEdit\":[\"1\"],\"columns[2].isList\":[\"1\"],\"columns[2].isQuery\":[\"1\"],\"columns[2].queryType\":[\"LIKE\"],\"columns[2].htmlType\":[\"input\"],\"columns[2].dictType\":[\"\"],\"columns[3].columnId\":[\"6\"],\"columns[3].sort\":[\"4\"],\"columns[3].columnComment\":[\"å­¦ç”Ÿå¹´é¾„\"],\"columns[3].javaType\":[\"Long\"],\"columns[3].javaField\":[\"stuAge\"],\"columns[3].isInsert\":[\"1\"],\"columns[3].isEdit\":[\"1\"],\"columns[3].isList\":[\"1\"],\"columns[3].isQuery\":[\"1\"],\"columns[3].queryType\":[\"EQ\"],\"columns[3].htmlType\":[\"input\"],\"columns[3].dictType\":[\"\"],\"columns[4].columnId\":[\"7\"],\"columns[4].sort\":[\"5\"],\"columns[4].columnComment\":[\"å­¦ç”Ÿæ€§åˆ«ï¼ˆ0æ˜¯å¥³  1æ˜¯ç”·ï¼‰\"],\"columns[4].javaType\":[\"Long\"],\"columns[4].javaField\":[\"stuSex\"],\"columns[4].isInsert\":[\"1\"],\"columns[4].isEdit\":[\"1\"],\"columns[4].isList\":[\"1\"],\"columns[4].isQuery\":[\"1\"],\"columns[4].queryType\":[\"EQ\"],\"columns[4].htmlType\":[\"select\"],\"columns[4].dictType\":[\"\"],\"tplCategory\":[\"crud\"],\"packageName\":[\"com.ruoyi.project\"],\"moduleName\":[\"student123\"],\"businessName\":[\"student\"],\"functionName\":[\"å­¦ç”Ÿï¼ˆæµ‹è¯•ä»£ç ç”ŸæˆåŠŸèƒ½ï¼‰\"],\"params[parentMenuId]\":[\"','{\"msg\":\"æ“ä½œæˆåŠŸ\",\"code\":0}',0,NULL,'2023-02-24 20:36:29',10),(133,'ä»£ç ç”Ÿæˆ',8,'com.ruoyi.project.tool.gen.controller.GenController.download()','GET',1,'admin','ç ”å‘éƒ¨é—¨','/RuoYi-fast/tool/gen/download/stu_info','127.0.0.1','å†…ç½‘IP','\"stu_info\"',NULL,0,NULL,'2023-02-24 20:37:05',32),(134,'èœå•ç®¡ç†',1,'com.ruoyi.project.system.menu.controller.MenuController.addSave()','POST',1,'admin','ç ”å‘éƒ¨é—¨','/RuoYi-fast/system/menu/add','127.0.0.1','å†…ç½‘IP','{\"parentId\":[\"1062\"],\"menuType\":[\"C\"],\"menuName\":[\"å­¦ç”Ÿç®¡ç†\"],\"url\":[\"/student123/student\"],\"target\":[\"menuItem\"],\"perms\":[\"student123:student:view\"],\"orderNum\":[\"1\"],\"icon\":[\"fa fa-mortar-board\"],\"visible\":[\"0\"],\"isRefresh\":[\"1\"]}','{\"msg\":\"æ“ä½œæˆåŠŸ\",\"code\":0}',0,NULL,'2023-02-24 20:43:39',18),(135,'èœå•ç®¡ç†',1,'com.ruoyi.project.system.menu.controller.MenuController.addSave()','POST',1,'admin','ç ”å‘éƒ¨é—¨','/RuoYi-fast/system/menu/add','127.0.0.1','å†…ç½‘IP','{\"parentId\":[\"1063\"],\"menuType\":[\"F\"],\"menuName\":[\"å­¦ç”Ÿä¿®æ”¹\"],\"url\":[\"\"],\"target\":[\"menuItem\"],\"perms\":[\"student123:student:edit\"],\"orderNum\":[\"1\"],\"icon\":[\"\"],\"visible\":[\"0\"],\"isRefresh\":[\"1\"]}','{\"msg\":\"æ“ä½œæˆåŠŸ\",\"code\":0}',0,NULL,'2023-02-24 20:45:14',6),(136,'å­¦ç”Ÿï¼ˆæµ‹è¯•ä»£ç ç”ŸæˆåŠŸèƒ½ï¼‰',1,'com.ruoyi.project.student.controller.StuInfoController.addSave()','POST',1,'admin','ç ”å‘éƒ¨é—¨','/RuoYi-fast/student123/student/add','127.0.0.1','å†…ç½‘IP','{\"stuId\":[\"1\"],\"stuName\":[\"\"],\"stuAge\":[\"\"]}','{\"msg\":\"æ“ä½œæˆåŠŸ\",\"code\":0}',0,NULL,'2023-02-24 20:46:04',6),(137,'èœå•ç®¡ç†',1,'com.ruoyi.project.system.menu.controller.MenuController.addSave()','POST',1,'admin','ç ”å‘éƒ¨é—¨','/RuoYi-fast/system/menu/add','127.0.0.1','å†…ç½‘IP','{\"parentId\":[\"1063\"],\"menuType\":[\"F\"],\"menuName\":[\"å­¦ç”ŸæŸ¥è¯¢\"],\"url\":[\"\"],\"target\":[\"menuItem\"],\"perms\":[\"student123:student:list\"],\"orderNum\":[\"0\"],\"icon\":[\"\"],\"visible\":[\"0\"],\"isRefresh\":[\"1\"]}','{\"msg\":\"æ“ä½œæˆåŠŸ\",\"code\":0}',0,NULL,'2023-02-24 20:47:32',8),(138,'å­¦ç”Ÿï¼ˆæµ‹è¯•ä»£ç ç”ŸæˆåŠŸèƒ½ï¼‰',2,'com.ruoyi.project.student.controller.StuInfoController.editSave()','POST',1,'admin','ç ”å‘éƒ¨é—¨','/RuoYi-fast/student123/student/edit','127.0.0.1','å†…ç½‘IP','{\"id\":[\"1\"],\"stuId\":[\"1\"],\"stuName\":[\"é™ˆä¿®æ˜Š\"],\"stuAge\":[\"20\"]}','{\"msg\":\"æ“ä½œæˆåŠŸ\",\"code\":0}',0,NULL,'2023-02-24 20:48:02',3),(139,'å­¦ç”Ÿï¼ˆæµ‹è¯•ä»£ç ç”ŸæˆåŠŸèƒ½ï¼‰',1,'com.ruoyi.project.student.controller.StuInfoController.addSave()','POST',1,'admin','ç ”å‘éƒ¨é—¨','/RuoYi-fast/student123/student/add','127.0.0.1','å†…ç½‘IP','{\"stuId\":[\"2\"],\"stuName\":[\"é™ˆæµ©\"],\"stuAge\":[\"12\"]}','{\"msg\":\"æ“ä½œæˆåŠŸ\",\"code\":0}',0,NULL,'2023-02-24 20:54:58',4),(140,'èœå•ç®¡ç†',2,'com.ruoyi.project.system.menu.controller.MenuController.editSave()','POST',1,'admin','ç ”å‘éƒ¨é—¨','/RuoYi-fast/system/menu/edit','127.0.0.1','å†…ç½‘IP','{\"menuId\":[\"111\"],\"parentId\":[\"2\"],\"menuType\":[\"C\"],\"menuName\":[\"Druidå†…ç½®æ•°æ®ç›‘æ§åå°\"],\"url\":[\"/monitor/data\"],\"target\":[\"menuItem\"],\"perms\":[\"monitor:data:view\"],\"orderNum\":[\"3\"],\"icon\":[\"fa fa-bug\"],\"visible\":[\"0\"],\"isRefresh\":[\"1\"]}','{\"msg\":\"æ“ä½œæˆåŠŸ\",\"code\":0}',0,NULL,'2023-02-25 11:42:15',56),(141,'èœå•ç®¡ç†',2,'com.ruoyi.project.system.menu.controller.MenuController.editSave()','POST',1,'admin','ç ”å‘éƒ¨é—¨','/RuoYi-fast/system/menu/edit','127.0.0.1','å†…ç½‘IP','{\"menuId\":[\"116\"],\"parentId\":[\"3\"],\"menuType\":[\"C\"],\"menuName\":[\"Swaggerç³»ç»Ÿæ¥å£\"],\"url\":[\"/tool/swagger\"],\"target\":[\"menuItem\"],\"perms\":[\"tool:swagger:view\"],\"orderNum\":[\"3\"],\"icon\":[\"fa fa-gg\"],\"visible\":[\"0\"],\"isRefresh\":[\"1\"]}','{\"msg\":\"æ“ä½œæˆåŠŸ\",\"code\":0}',0,NULL,'2023-02-28 19:51:32',53),(142,'èœå•ç®¡ç†',2,'com.ruoyi.project.system.menu.controller.MenuController.editSave()','POST',1,'admin','ç ”å‘éƒ¨é—¨','/RuoYi-fast/system/menu/edit','127.0.0.1','å†…ç½‘IP','{\"menuId\":[\"5\"],\"parentId\":[\"0\"],\"menuType\":[\"C\"],\"menuName\":[\"å†œæˆ·æ”¶å…¥ä¿¡æ¯ç®¡ç†\"],\"url\":[\"#\"],\"target\":[\"menuItem\"],\"perms\":[\"\"],\"orderNum\":[\"1\"],\"icon\":[\"\"],\"visible\":[\"0\"],\"isRefresh\":[\"1\"]}','{\"msg\":\"æ“ä½œæˆåŠŸ\",\"code\":0}',0,NULL,'2023-03-01 16:50:30',51),(143,'èœå•ç®¡ç†',2,'com.ruoyi.project.system.menu.controller.MenuController.editSave()','POST',1,'admin','ç ”å‘éƒ¨é—¨','/RuoYi-fast/system/menu/edit','127.0.0.1','å†…ç½‘IP','{\"menuId\":[\"9\"],\"parentId\":[\"0\"],\"menuType\":[\"C\"],\"menuName\":[\"ç”¨æˆ·ç®¡ç†\"],\"url\":[\"/system/user\"],\"target\":[\"menuBlank\"],\"perms\":[\"system:user:view\"],\"orderNum\":[\"5\"],\"icon\":[\"fa fa-user-o\"],\"visible\":[\"0\"],\"isRefresh\":[\"1\"]}','{\"msg\":\"æ“ä½œæˆåŠŸ\",\"code\":0}',0,NULL,'2023-03-01 16:56:46',46),(144,'èœå•ç®¡ç†',2,'com.ruoyi.project.system.menu.controller.MenuController.editSave()','POST',1,'admin','ç ”å‘éƒ¨é—¨','/RuoYi-fast/system/menu/edit','127.0.0.1','å†…ç½‘IP','{\"menuId\":[\"9\"],\"parentId\":[\"0\"],\"menuType\":[\"C\"],\"menuName\":[\"ç”¨æˆ·ç®¡ç†\"],\"url\":[\"/system/user\"],\"target\":[\"menuItem\"],\"perms\":[\"system:user:view\"],\"orderNum\":[\"5\"],\"icon\":[\"fa fa-user-o\"],\"visible\":[\"0\"],\"isRefresh\":[\"1\"]}','{\"msg\":\"æ“ä½œæˆåŠŸ\",\"code\":0}',0,NULL,'2023-03-01 16:58:10',6),(145,'èœå•ç®¡ç†',2,'com.ruoyi.project.system.menu.controller.MenuController.editSave()','POST',1,'admin','ç ”å‘éƒ¨é—¨','/RuoYi-fast/system/menu/edit','127.0.0.1','å†…ç½‘IP','{\"menuId\":[\"10\"],\"parentId\":[\"0\"],\"menuType\":[\"C\"],\"menuName\":[\"å­—å…¸ç®¡ç†\"],\"url\":[\"/system/dict\"],\"target\":[\"menuBlank\"],\"perms\":[\"system:dict:view\"],\"orderNum\":[\"6\"],\"icon\":[\"fa fa-bookmark-o\"],\"visible\":[\"0\"],\"isRefresh\":[\"1\"]}','{\"msg\":\"æ“ä½œæˆåŠŸ\",\"code\":0}',0,NULL,'2023-03-01 16:58:20',7),(146,'èœå•ç®¡ç†',2,'com.ruoyi.project.system.menu.controller.MenuController.editSave()','POST',1,'admin','ç ”å‘éƒ¨é—¨','/RuoYi-fast/system/menu/edit','127.0.0.1','å†…ç½‘IP','{\"menuId\":[\"10\"],\"parentId\":[\"0\"],\"menuType\":[\"C\"],\"menuName\":[\"å­—å…¸ç®¡ç†\"],\"url\":[\"/system/dict\"],\"target\":[\"menuItem\"],\"perms\":[\"system:dict:view\"],\"orderNum\":[\"6\"],\"icon\":[\"fa fa-bookmark-o\"],\"visible\":[\"0\"],\"isRefresh\":[\"1\"]}','{\"msg\":\"æ“ä½œæˆåŠŸ\",\"code\":0}',0,NULL,'2023-03-01 16:58:29',6),(147,'èœå•ç®¡ç†',2,'com.ruoyi.project.system.menu.controller.MenuController.editSave()','POST',1,'admin','ç ”å‘éƒ¨é—¨','/RuoYi-fast/system/menu/edit','127.0.0.1','å†…ç½‘IP','{\"menuId\":[\"9\"],\"parentId\":[\"0\"],\"menuType\":[\"C\"],\"menuName\":[\"ç”¨æˆ·ç®¡ç†\"],\"url\":[\"/system/user\"],\"target\":[\"menuItem\"],\"perms\":[\"system:user:view\"],\"orderNum\":[\"5\"],\"icon\":[\"\"],\"visible\":[\"0\"],\"isRefresh\":[\"1\"]}','{\"msg\":\"æ“ä½œæˆåŠŸ\",\"code\":0}',0,NULL,'2023-03-01 16:58:54',6),(148,'èœå•ç®¡ç†',2,'com.ruoyi.project.system.menu.controller.MenuController.editSave()','POST',1,'admin','ç ”å‘éƒ¨é—¨','/RuoYi-fast/system/menu/edit','127.0.0.1','å†…ç½‘IP','{\"menuId\":[\"10\"],\"parentId\":[\"0\"],\"menuType\":[\"C\"],\"menuName\":[\"å­—å…¸ç®¡ç†\"],\"url\":[\"/system/dict\"],\"target\":[\"menuItem\"],\"perms\":[\"system:dict:view\"],\"orderNum\":[\"6\"],\"icon\":[\"\"],\"visible\":[\"0\"],\"isRefresh\":[\"1\"]}','{\"msg\":\"æ“ä½œæˆåŠŸ\",\"code\":0}',0,NULL,'2023-03-01 16:59:00',8),(149,'èœå•ç®¡ç†',2,'com.ruoyi.project.system.menu.controller.MenuController.editSave()','POST',1,'admin','ç ”å‘éƒ¨é—¨','/RuoYi-fast/system/menu/edit','127.0.0.1','å†…ç½‘IP','{\"menuId\":[\"9\"],\"parentId\":[\"0\"],\"menuType\":[\"C\"],\"menuName\":[\"ç”¨æˆ·ç®¡ç†\"],\"url\":[\"/system/user\"],\"target\":[\"menuItem\"],\"perms\":[\"system:user:view\"],\"orderNum\":[\"5\"],\"icon\":[\"\"],\"visible\":[\"0\"],\"isRefresh\":[\"1\"]}','{\"msg\":\"æ“ä½œæˆåŠŸ\",\"code\":0}',0,NULL,'2023-03-01 16:59:16',6),(150,'èœå•ç®¡ç†',2,'com.ruoyi.project.system.menu.controller.MenuController.editSave()','POST',1,'admin','ç ”å‘éƒ¨é—¨','/RuoYi-fast/system/menu/edit','127.0.0.1','å†…ç½‘IP','{\"menuId\":[\"9\"],\"parentId\":[\"0\"],\"menuType\":[\"C\"],\"menuName\":[\"ç”¨æˆ·ç®¡ç†\"],\"url\":[\"/system/user\"],\"target\":[\"menuItem\"],\"perms\":[\"system:user:view\"],\"orderNum\":[\"5\"],\"icon\":[\"#\"],\"visible\":[\"0\"],\"isRefresh\":[\"1\"]}','{\"msg\":\"æ“ä½œæˆåŠŸ\",\"code\":0}',0,NULL,'2023-03-01 16:59:25',6),(151,'èœå•ç®¡ç†',2,'com.ruoyi.project.system.menu.controller.MenuController.editSave()','POST',1,'admin','ç ”å‘éƒ¨é—¨','/RuoYi-fast/system/menu/edit','127.0.0.1','å†…ç½‘IP','{\"menuId\":[\"10\"],\"parentId\":[\"0\"],\"menuType\":[\"C\"],\"menuName\":[\"å­—å…¸ç®¡ç†\"],\"url\":[\"/system/dict\"],\"target\":[\"menuItem\"],\"perms\":[\"system:dict:view\"],\"orderNum\":[\"6\"],\"icon\":[\"#\"],\"visible\":[\"0\"],\"isRefresh\":[\"1\"]}','{\"msg\":\"æ“ä½œæˆåŠŸ\",\"code\":0}',0,NULL,'2023-03-01 16:59:36',6),(152,'èœå•ç®¡ç†',2,'com.ruoyi.project.system.menu.controller.MenuController.editSave()','POST',1,'admin','ç ”å‘éƒ¨é—¨','/RuoYi-fast/system/menu/edit','127.0.0.1','å†…ç½‘IP','{\"menuId\":[\"5\"],\"parentId\":[\"0\"],\"menuType\":[\"M\"],\"menuName\":[\"å†œæˆ·æ”¶å…¥ä¿¡æ¯ç®¡ç†\"],\"url\":[\"#\"],\"target\":[\"menuItem\"],\"perms\":[\"\"],\"orderNum\":[\"1\"],\"icon\":[\"#\"],\"visible\":[\"0\"],\"isRefresh\":[\"1\"]}','{\"msg\":\"æ“ä½œæˆåŠŸ\",\"code\":0}',0,NULL,'2023-03-01 17:00:21',6),(153,'èœå•ç®¡ç†',2,'com.ruoyi.project.system.menu.controller.MenuController.editSave()','POST',1,'admin','ç ”å‘éƒ¨é—¨','/RuoYi-fast/system/menu/edit','127.0.0.1','å†…ç½‘IP','{\"menuId\":[\"5\"],\"parentId\":[\"0\"],\"menuType\":[\"C\"],\"menuName\":[\"å†œæˆ·æ”¶å…¥ä¿¡æ¯ç®¡ç†\"],\"url\":[\"#\"],\"target\":[\"menuItem\"],\"perms\":[\"\"],\"orderNum\":[\"1\"],\"icon\":[\"#\"],\"visible\":[\"0\"],\"isRefresh\":[\"1\"]}','{\"msg\":\"æ“ä½œæˆåŠŸ\",\"code\":0}',0,NULL,'2023-03-01 17:00:41',5),(154,'ä»£ç ç”Ÿæˆ',6,'com.ruoyi.project.tool.gen.controller.GenController.importTableSave()','POST',1,'admin','ç ”å‘éƒ¨é—¨','/RuoYi-fast/tool/gen/importTable','127.0.0.1','å†…ç½‘IP','{\"tables\":[\"agr_peasant\"]}','{\"msg\":\"æ“ä½œæˆåŠŸ\",\"code\":0}',0,NULL,'2023-03-01 17:05:36',85),(155,'ä»£ç ç”Ÿæˆ',2,'com.ruoyi.project.tool.gen.controller.GenController.editSave()','POST',1,'admin','ç ”å‘éƒ¨é—¨','/RuoYi-fast/tool/gen/edit','127.0.0.1','å†…ç½‘IP','{\"tableId\":[\"3\"],\"tableName\":[\"agr_peasant\"],\"tableComment\":[\"å†œæˆ·ä¿¡æ¯è¡¨\"],\"className\":[\"AgrPeasant\"],\"functionAuthor\":[\"Chen\"],\"remark\":[\"ç”¨äºå†œæˆ·æ”¶å…¥ä¿¡æ¯ç®¡ç†\"],\"columns[0].columnId\":[\"8\"],\"columns[0].sort\":[\"1\"],\"columns[0].columnComment\":[\"è‡ªå¢ä¸»é”®ï¼ˆä¸ä¸šåŠ¡æ— å…³ï¼‰\"],\"columns[0].javaType\":[\"Long\"],\"columns[0].javaField\":[\"id\"],\"columns[0].queryType\":[\"EQ\"],\"columns[0].htmlType\":[\"input\"],\"columns[0].dictType\":[\"\"],\"columns[1].columnId\":[\"9\"],\"columns[1].sort\":[\"2\"],\"columns[1].columnComment\":[\"æˆ·ç¼–å·\"],\"columns[1].javaType\":[\"Long\"],\"columns[1].javaField\":[\"peaId\"],\"columns[1].isInsert\":[\"1\"],\"columns[1].isEdit\":[\"1\"],\"columns[1].isList\":[\"1\"],\"columns[1].isQuery\":[\"1\"],\"columns[1].queryType\":[\"EQ\"],\"columns[1].isRequired\":[\"1\"],\"columns[1].htmlType\":[\"input\"],\"columns[1].dictType\":[\"\"],\"columns[2].columnId\":[\"10\"],\"columns[2].sort\":[\"3\"],\"columns[2].columnComment\":[\"å§“å\"],\"columns[2].javaType\":[\"String\"],\"columns[2].javaField\":[\"peaName\"],\"columns[2].isInsert\":[\"1\"],\"columns[2].isEdit\":[\"1\"],\"columns[2].isList\":[\"1\"],\"columns[2].isQuery\":[\"1\"],\"columns[2].queryType\":[\"LIKE\"],\"columns[2].htmlType\":[\"input\"],\"columns[2].dictType\":[\"\"],\"columns[3].columnId\":[\"11\"],\"columns[3].sort\":[\"4\"],\"columns[3].columnComment\":[\"è¯ä»¶å·ç \"],\"columns[3].javaType\":[\"String\"],\"columns[3].javaField\":[\"peaCard\"],\"columns[3].isInsert\":[\"1\"],\"columns[3].isEdit\":[\"1\"],\"columns[3].isList\":[\"1\"],\"columns[3].isQuery\":[\"1\"],\"columns[3].queryType\":[\"EQ\"],\"columns[3].htmlType\":[\"input\"],\"columns[3].dictType\":[\"\"],\"columns[4].columnId\":[\"12\"],\"columns[4].sort\":[\"5\"],\"columns[4].columnComment\":[\"è‡ªç„¶æ‘\"],\"columns[4].javaType\":[\"String\"],\"columns[4].javaField\":[\"peaVillage\"],\"columns[4].isInsert\":[\"1\"],\"columns[4].isEdit\":[\"1\"],\"columns[4].isList\":[\"1\"],\"columns[4].isQuery\":[\"1\"],\"columns[4].queryType\":[\"EQ\"],\"columns[4].htmlType\":[\"input\"],\"columns[4].dictType\":[\"\"],\"columns[5].columnId\":[\"13\"],\"columns[5].sort\":[\"6\"],\"columns[5].columnComment\":[\"å¹´åº¦\"],\"columns[5].javaType\":[\"String\"],\"columns[5].javaField\":[\"peaYear\"],\"columns[5].isI','{\"msg\":\"æ“ä½œæˆåŠŸ\",\"code\":0}',0,NULL,'2023-03-01 17:11:23',16),(156,'ä»£ç ç”Ÿæˆ',8,'com.ruoyi.project.tool.gen.controller.GenController.download()','GET',1,'admin','ç ”å‘éƒ¨é—¨','/RuoYi-fast/tool/gen/download/agr_peasant','127.0.0.1','å†…ç½‘IP','\"agr_peasant\"',NULL,0,NULL,'2023-03-01 17:11:33',112),(157,'å†œæˆ·ä¸ªäººä¿¡æ¯',1,'com.ruoyi.project.peasant_info.controller.AgrPeasantController.addSave()','POST',1,'admin','ç ”å‘éƒ¨é—¨','/RuoYi-fast/agriculture/peasant_info/add','127.0.0.1','å†…ç½‘IP','{\"peaId\":[\"3106232976\"],\"peaName\":[\"éŸ©æ·‘èŠ\"],\"peaCard\":[\"222326196911294522\"],\"peaVillage\":[\"åå…­åˆ\"],\"peaYear\":[\"2023\"]}','{\"msg\":\"æ“ä½œæˆåŠŸ\",\"code\":0}',0,NULL,'2023-03-01 17:21:37',44),(158,'å†œæˆ·ä¸ªäººä¿¡æ¯',1,'com.ruoyi.project.peasant_info.controller.AgrPeasantController.addSave()','POST',1,'admin','ç ”å‘éƒ¨é—¨','/RuoYi-fast/agriculture/peasant_info/add','127.0.0.1','å†…ç½‘IP','{\"peaId\":[\"3106232997\"],\"peaName\":[\"å­™å–œæ—\"],\"peaCard\":[\"222326196008024534\"],\"peaVillage\":[\"å…­å®¶å­è¥¿\"],\"peaYear\":[\"2023\"]}','{\"msg\":\"æ“ä½œæˆåŠŸ\",\"code\":0}',0,NULL,'2023-03-01 17:22:37',3),(159,'åˆ›å»ºè¡¨',0,'com.ruoyi.project.tool.gen.controller.GenController.create()','POST',1,'admin','ç ”å‘éƒ¨é—¨','/RuoYi-fast/tool/gen/createTable','127.0.0.1','å†…ç½‘IP','{\"sql\":[\"CREATE TABLE `agr_peasant` (\\n  `id` bigint(20) NOT NULL AUTO_INCREMENT COMMENT \'è‡ªå¢ä¸»é”®ï¼ˆä¸ä¸šåŠ¡æ— å…³ï¼‰\',\\n  `pea_id` bigint(20) NOT NULL COMMENT \'æˆ·ç¼–å·\',\\n  `pea_name` varchar(255) DEFAULT NULL COMMENT \'å§“å\',\\n  `pea_card` varchar(255) NOT NULL COMMENT \'è¯ä»¶å·ç \',\\n  `pea_village` varchar(255) DEFAULT NULL COMMENT \'è‡ªç„¶æ‘\',\\n  `pea_year` varchar(255) DEFAULT NULL COMMENT \'å¹´åº¦\',\\n  `pea_relation` varchar(255) DEFAULT NULL COMMENT \'ä¸æˆ·ä¸»å…³ç³»\',\\n  `pea_reason` varchar(255) DEFAULT NULL COMMENT \'è‡´è´«åŸå› \',\\n  `pea_health` varchar(255) DEFAULT NULL COMMENT \'å¥åº·çŠ¶å†µ\',\\n  `pea_age` int(11) DEFAULT NULL COMMENT \'å¹´é¾„\',\\n  `pea_status` varchar(255) DEFAULT NULL COMMENT \'åœ¨æ ¡çŠ¶å†µ\',\\n  `pea_nation` varchar(255) DEFAULT NULL COMMENT \'æ°‘æ—\',\\n  `pea_tel` varchar(255) DEFAULT NULL COMMENT \'æˆ·è”ç³»ç”µè¯\',\\n  `pea_time` varchar(255) DEFAULT NULL COMMENT \'äººå‘˜è¯†åˆ«æ—¶é—´\',\\n  `pea_ability` varchar(255) DEFAULT NULL COMMENT \'åŠ³åŠ¨æŠ€èƒ½\',\\n  `pea_education` varchar(255) DEFAULT NULL COMMENT \'æ–‡åŒ–ç¨‹åº¦\',\\n  PRIMARY KEY (`id`)\\n) ENGINE=InnoDB AUTO_INCREMENT=4 DEFAULT CHARSET=utf8\\n\"]}','{\"msg\":\"åˆ›å»ºè¡¨ç»“æ„å¼‚å¸¸\",\"code\":500}',0,NULL,'2023-03-01 19:04:51',68),(160,'åˆ›å»ºè¡¨',0,'com.ruoyi.project.tool.gen.controller.GenController.create()','POST',1,'admin','ç ”å‘éƒ¨é—¨','/RuoYi-fast/tool/gen/createTable','127.0.0.1','å†…ç½‘IP','{\"sql\":[\"CREATE TABLE `agr_peasant` (\\n  `id` bigint(20) NOT NULL AUTO_INCREMENT COMMENT \'è‡ªå¢ä¸»é”®ï¼ˆä¸ä¸šåŠ¡æ— å…³ï¼‰\',\\n  `pea_id` bigint(20) NOT NULL COMMENT \'æˆ·ç¼–å·\',\\n  `pea_name` varchar(255) DEFAULT NULL COMMENT \'å§“å\',\\n  `pea_card` varchar(255) NOT NULL COMMENT \'è¯ä»¶å·ç \',\\n  `pea_village` varchar(255) DEFAULT NULL COMMENT \'è‡ªç„¶æ‘\',\\n  `pea_year` varchar(255) DEFAULT NULL COMMENT \'å¹´åº¦\',\\n  `pea_relation` varchar(255) DEFAULT NULL COMMENT \'ä¸æˆ·ä¸»å…³ç³»\',\\n  `pea_reason` varchar(255) DEFAULT NULL COMMENT \'è‡´è´«åŸå› \',\\n  `pea_health` varchar(255) DEFAULT NULL COMMENT \'å¥åº·çŠ¶å†µ\',\\n  `pea_age` int(11) DEFAULT NULL COMMENT \'å¹´é¾„\',\\n  `pea_status` varchar(255) DEFAULT NULL COMMENT \'åœ¨æ ¡çŠ¶å†µ\',\\n  `pea_nation` varchar(255) DEFAULT NULL COMMENT \'æ°‘æ—\',\\n  `pea_tel` varchar(255) DEFAULT NULL COMMENT \'æˆ·è”ç³»ç”µè¯\',\\n  `pea_time` varchar(255) DEFAULT NULL COMMENT \'äººå‘˜è¯†åˆ«æ—¶é—´\',\\n  `pea_ability` varchar(255) DEFAULT NULL COMMENT \'åŠ³åŠ¨æŠ€èƒ½\',\\n  `pea_education` varchar(255) DEFAULT NULL COMMENT \'æ–‡åŒ–ç¨‹åº¦\',\\n  PRIMARY KEY (`id`)\\n) ENGINE=InnoDB AUTO_INCREMENT=4 DEFAULT CHARSET=utf8\\n\"]}','{\"msg\":\"åˆ›å»ºè¡¨ç»“æ„å¼‚å¸¸\",\"code\":500}',0,NULL,'2023-03-01 19:05:00',9),(161,'ä»£ç ç”Ÿæˆ',2,'com.ruoyi.project.tool.gen.controller.GenController.synchDb()','GET',1,'admin','ç ”å‘éƒ¨é—¨','/RuoYi-fast/tool/gen/synchDb/agr_peasant','127.0.0.1','å†…ç½‘IP','\"agr_peasant\"','{\"msg\":\"æ“ä½œæˆåŠŸ\",\"code\":0}',0,NULL,'2023-03-01 19:05:08',58),(162,'ä»£ç ç”Ÿæˆ',2,'com.ruoyi.project.tool.gen.controller.GenController.editSave()','POST',1,'admin','ç ”å‘éƒ¨é—¨','/RuoYi-fast/tool/gen/edit','127.0.0.1','å†…ç½‘IP','{\"tableId\":[\"3\"],\"tableName\":[\"agr_peasant\"],\"tableComment\":[\"å†œæˆ·ä¿¡æ¯è¡¨\"],\"className\":[\"AgrPeasant\"],\"functionAuthor\":[\"Chen\"],\"remark\":[\"\"],\"columns[0].columnId\":[\"8\"],\"columns[0].sort\":[\"1\"],\"columns[0].columnComment\":[\"è‡ªå¢ä¸»é”®ï¼ˆä¸ä¸šåŠ¡æ— å…³ï¼‰\"],\"columns[0].javaType\":[\"Long\"],\"columns[0].javaField\":[\"id\"],\"columns[0].queryType\":[\"EQ\"],\"columns[0].htmlType\":[\"input\"],\"columns[0].dictType\":[\"\"],\"columns[1].columnId\":[\"9\"],\"columns[1].sort\":[\"2\"],\"columns[1].columnComment\":[\"æˆ·ç¼–å·\"],\"columns[1].javaType\":[\"Long\"],\"columns[1].javaField\":[\"peaId\"],\"columns[1].isInsert\":[\"1\"],\"columns[1].isEdit\":[\"1\"],\"columns[1].isList\":[\"1\"],\"columns[1].isQuery\":[\"1\"],\"columns[1].queryType\":[\"EQ\"],\"columns[1].isRequired\":[\"1\"],\"columns[1].htmlType\":[\"input\"],\"columns[1].dictType\":[\"\"],\"columns[2].columnId\":[\"10\"],\"columns[2].sort\":[\"3\"],\"columns[2].columnComment\":[\"å§“å\"],\"columns[2].javaType\":[\"String\"],\"columns[2].javaField\":[\"peaName\"],\"columns[2].isInsert\":[\"1\"],\"columns[2].isEdit\":[\"1\"],\"columns[2].isList\":[\"1\"],\"columns[2].isQuery\":[\"1\"],\"columns[2].queryType\":[\"LIKE\"],\"columns[2].htmlType\":[\"input\"],\"columns[2].dictType\":[\"\"],\"columns[3].columnId\":[\"11\"],\"columns[3].sort\":[\"4\"],\"columns[3].columnComment\":[\"è¯ä»¶å·ç \"],\"columns[3].javaType\":[\"String\"],\"columns[3].javaField\":[\"peaCard\"],\"columns[3].isInsert\":[\"1\"],\"columns[3].isEdit\":[\"1\"],\"columns[3].isList\":[\"1\"],\"columns[3].isQuery\":[\"1\"],\"columns[3].queryType\":[\"EQ\"],\"columns[3].isRequired\":[\"1\"],\"columns[3].htmlType\":[\"input\"],\"columns[3].dictType\":[\"\"],\"columns[4].columnId\":[\"12\"],\"columns[4].sort\":[\"5\"],\"columns[4].columnComment\":[\"è‡ªç„¶æ‘\"],\"columns[4].javaType\":[\"String\"],\"columns[4].javaField\":[\"peaVillage\"],\"columns[4].isInsert\":[\"1\"],\"columns[4].isEdit\":[\"1\"],\"columns[4].isList\":[\"1\"],\"columns[4].isQuery\":[\"1\"],\"columns[4].queryType\":[\"EQ\"],\"columns[4].htmlType\":[\"select\"],\"columns[4].dictType\":[\"\"],\"columns[5].columnId\":[\"13\"],\"columns[5].sort\":[\"6\"],\"columns[5].columnComment\":[\"å¹´åº¦\"],\"columns[5].javaType\":[\"String\"],\"columns[5].javaField\":[\"peaY','{\"msg\":\"æ“ä½œæˆåŠŸ\",\"code\":0}',0,NULL,'2023-03-01 19:08:43',30),(163,'ä»£ç ç”Ÿæˆ',2,'com.ruoyi.project.tool.gen.controller.GenController.synchDb()','GET',1,'admin','ç ”å‘éƒ¨é—¨','/RuoYi-fast/tool/gen/synchDb/agr_peasant','127.0.0.1','å†…ç½‘IP','\"agr_peasant\"','{\"msg\":\"æ“ä½œæˆåŠŸ\",\"code\":0}',0,NULL,'2023-03-01 19:10:27',102),(164,'ä»£ç ç”Ÿæˆ',2,'com.ruoyi.project.tool.gen.controller.GenController.editSave()','POST',1,'admin','ç ”å‘éƒ¨é—¨','/RuoYi-fast/tool/gen/edit','127.0.0.1','å†…ç½‘IP','{\"tableId\":[\"3\"],\"tableName\":[\"agr_peasant\"],\"tableComment\":[\"å†œæˆ·ä¿¡æ¯è¡¨\"],\"className\":[\"AgrPeasant\"],\"functionAuthor\":[\"Chen\"],\"remark\":[\"\"],\"columns[0].columnId\":[\"8\"],\"columns[0].sort\":[\"1\"],\"columns[0].columnComment\":[\"è‡ªå¢ä¸»é”®ï¼ˆä¸ä¸šåŠ¡æ— å…³ï¼‰\"],\"columns[0].javaType\":[\"Long\"],\"columns[0].javaField\":[\"id\"],\"columns[0].isInsert\":[\"1\"],\"columns[0].queryType\":[\"EQ\"],\"columns[0].htmlType\":[\"input\"],\"columns[0].dictType\":[\"\"],\"columns[1].columnId\":[\"9\"],\"columns[1].sort\":[\"2\"],\"columns[1].columnComment\":[\"æˆ·ç¼–å·\"],\"columns[1].javaType\":[\"Long\"],\"columns[1].javaField\":[\"peaId\"],\"columns[1].isInsert\":[\"1\"],\"columns[1].isEdit\":[\"1\"],\"columns[1].isList\":[\"1\"],\"columns[1].isQuery\":[\"1\"],\"columns[1].queryType\":[\"EQ\"],\"columns[1].isRequired\":[\"1\"],\"columns[1].htmlType\":[\"input\"],\"columns[1].dictType\":[\"\"],\"columns[2].columnId\":[\"10\"],\"columns[2].sort\":[\"3\"],\"columns[2].columnComment\":[\"å§“å\"],\"columns[2].javaType\":[\"String\"],\"columns[2].javaField\":[\"peaName\"],\"columns[2].isInsert\":[\"1\"],\"columns[2].isEdit\":[\"1\"],\"columns[2].isList\":[\"1\"],\"columns[2].isQuery\":[\"1\"],\"columns[2].queryType\":[\"LIKE\"],\"columns[2].htmlType\":[\"input\"],\"columns[2].dictType\":[\"\"],\"columns[3].columnId\":[\"11\"],\"columns[3].sort\":[\"4\"],\"columns[3].columnComment\":[\"è¯ä»¶å·ç \"],\"columns[3].javaType\":[\"String\"],\"columns[3].javaField\":[\"peaCard\"],\"columns[3].isInsert\":[\"1\"],\"columns[3].isEdit\":[\"1\"],\"columns[3].isList\":[\"1\"],\"columns[3].isQuery\":[\"1\"],\"columns[3].queryType\":[\"EQ\"],\"columns[3].isRequired\":[\"1\"],\"columns[3].htmlType\":[\"input\"],\"columns[3].dictType\":[\"\"],\"columns[4].columnId\":[\"12\"],\"columns[4].sort\":[\"5\"],\"columns[4].columnComment\":[\"è‡ªç„¶æ‘\"],\"columns[4].javaType\":[\"String\"],\"columns[4].javaField\":[\"peaVillage\"],\"columns[4].isInsert\":[\"1\"],\"columns[4].isEdit\":[\"1\"],\"columns[4].isList\":[\"1\"],\"columns[4].isQuery\":[\"1\"],\"columns[4].queryType\":[\"EQ\"],\"columns[4].htmlType\":[\"input\"],\"columns[4].dictType\":[\"\"],\"columns[5].columnId\":[\"13\"],\"columns[5].sort\":[\"6\"],\"columns[5].columnComment\":[\"å¹´åº¦\"],\"columns[5].javaType\":[\"String\"],\"c','{\"msg\":\"æ“ä½œæˆåŠŸ\",\"code\":0}',0,NULL,'2023-03-01 19:18:38',35),(165,'ä»£ç ç”Ÿæˆ',8,'com.ruoyi.project.tool.gen.controller.GenController.download()','GET',1,'admin','ç ”å‘éƒ¨é—¨','/RuoYi-fast/tool/gen/download/agr_peasant','127.0.0.1','å†…ç½‘IP','\"agr_peasant\"',NULL,0,NULL,'2023-03-01 19:18:46',120),(166,'èœå•ç®¡ç†',2,'com.ruoyi.project.system.menu.controller.MenuController.editSave()','POST',1,'admin','ç ”å‘éƒ¨é—¨','/RuoYi-fast/system/menu/edit','127.0.0.1','å†…ç½‘IP','{\"menuId\":[\"1004\"],\"parentId\":[\"100\"],\"menuType\":[\"F\"],\"menuName\":[\"ç”¨æˆ·å¯¼å‡º\"],\"url\":[\"#\"],\"target\":[\"menuItem\"],\"perms\":[\"system:user:export\"],\"orderNum\":[\"5\"],\"icon\":[\"#\"],\"visible\":[\"0\"],\"isRefresh\":[\"1\"]}','{\"msg\":\"æ“ä½œæˆåŠŸ\",\"code\":0}',0,NULL,'2023-03-01 19:25:07',44),(167,'èœå•ç®¡ç†',2,'com.ruoyi.project.system.menu.controller.MenuController.editSave()','POST',1,'admin','ç ”å‘éƒ¨é—¨','/RuoYi-fast/system/menu/edit','127.0.0.1','å†…ç½‘IP','{\"menuId\":[\"1000\"],\"parentId\":[\"100\"],\"menuType\":[\"F\"],\"menuName\":[\"ç”¨æˆ·æŸ¥è¯¢\"],\"url\":[\"#\"],\"target\":[\"menuItem\"],\"perms\":[\"system:user:list\"],\"orderNum\":[\"1\"],\"icon\":[\"#\"],\"visible\":[\"0\"],\"isRefresh\":[\"1\"]}','{\"msg\":\"æ“ä½œæˆåŠŸ\",\"code\":0}',0,NULL,'2023-03-01 19:25:38',7),(168,'èœå•ç®¡ç†',2,'com.ruoyi.project.system.menu.controller.MenuController.editSave()','POST',1,'admin','ç ”å‘éƒ¨é—¨','/RuoYi-fast/system/menu/edit','127.0.0.1','å†…ç½‘IP','{\"menuId\":[\"1001\"],\"parentId\":[\"100\"],\"menuType\":[\"F\"],\"menuName\":[\"ç”¨æˆ·æ–°å¢\"],\"url\":[\"#\"],\"target\":[\"menuItem\"],\"perms\":[\"system:user:add\"],\"orderNum\":[\"2\"],\"icon\":[\"#\"],\"visible\":[\"0\"],\"isRefresh\":[\"1\"]}','{\"msg\":\"æ“ä½œæˆåŠŸ\",\"code\":0}',0,NULL,'2023-03-01 19:25:51',12),(169,'èœå•ç®¡ç†',2,'com.ruoyi.project.system.menu.controller.MenuController.editSave()','POST',1,'admin','ç ”å‘éƒ¨é—¨','/RuoYi-fast/system/menu/edit','127.0.0.1','å†…ç½‘IP','{\"menuId\":[\"1002\"],\"parentId\":[\"100\"],\"menuType\":[\"F\"],\"menuName\":[\"ç”¨æˆ·ä¿®æ”¹\"],\"url\":[\"#\"],\"target\":[\"menuItem\"],\"perms\":[\"system:user:edit\"],\"orderNum\":[\"3\"],\"icon\":[\"#\"],\"visible\":[\"0\"],\"isRefresh\":[\"1\"]}','{\"msg\":\"æ“ä½œæˆåŠŸ\",\"code\":0}',0,NULL,'2023-03-01 19:26:07',6),(170,'èœå•ç®¡ç†',2,'com.ruoyi.project.system.menu.controller.MenuController.editSave()','POST',1,'admin','ç ”å‘éƒ¨é—¨','/RuoYi-fast/system/menu/edit','127.0.0.1','å†…ç½‘IP','{\"menuId\":[\"1003\"],\"parentId\":[\"100\"],\"menuType\":[\"F\"],\"menuName\":[\"ç”¨æˆ·åˆ é™¤\"],\"url\":[\"#\"],\"target\":[\"menuItem\"],\"perms\":[\"system:user:remove\"],\"orderNum\":[\"4\"],\"icon\":[\"#\"],\"visible\":[\"0\"],\"isRefresh\":[\"1\"]}','{\"msg\":\"æ“ä½œæˆåŠŸ\",\"code\":0}',0,NULL,'2023-03-01 19:26:30',6),(171,'èœå•ç®¡ç†',2,'com.ruoyi.project.system.menu.controller.MenuController.editSave()','POST',1,'admin','ç ”å‘éƒ¨é—¨','/RuoYi-fast/system/menu/edit','127.0.0.1','å†…ç½‘IP','{\"menuId\":[\"1005\"],\"parentId\":[\"100\"],\"menuType\":[\"F\"],\"menuName\":[\"ç”¨æˆ·å¯¼å…¥\"],\"url\":[\"#\"],\"target\":[\"menuItem\"],\"perms\":[\"system:user:import\"],\"orderNum\":[\"6\"],\"icon\":[\"#\"],\"visible\":[\"0\"],\"isRefresh\":[\"1\"]}','{\"msg\":\"æ“ä½œæˆåŠŸ\",\"code\":0}',0,NULL,'2023-03-01 19:26:46',7),(172,'èœå•ç®¡ç†',2,'com.ruoyi.project.system.menu.controller.MenuController.editSave()','POST',1,'admin','ç ”å‘éƒ¨é—¨','/RuoYi-fast/system/menu/edit','127.0.0.1','å†…ç½‘IP','{\"menuId\":[\"1006\"],\"parentId\":[\"100\"],\"menuType\":[\"F\"],\"menuName\":[\"é‡ç½®å¯†ç \"],\"url\":[\"#\"],\"target\":[\"menuItem\"],\"perms\":[\"system:user:resetPwd\"],\"orderNum\":[\"7\"],\"icon\":[\"#\"],\"visible\":[\"0\"],\"isRefresh\":[\"1\"]}','{\"msg\":\"æ“ä½œæˆåŠŸ\",\"code\":0}',0,NULL,'2023-03-01 19:27:34',7),(173,'èœå•ç®¡ç†',2,'com.ruoyi.project.system.menu.controller.MenuController.editSave()','POST',1,'admin','ç ”å‘éƒ¨é—¨','/RuoYi-fast/system/menu/edit','127.0.0.1','å†…ç½‘IP','{\"menuId\":[\"9\"],\"parentId\":[\"0\"],\"menuType\":[\"C\"],\"menuName\":[\"å†œæˆ·ç®¡ç†\"],\"url\":[\"agriculture/peasant_info\"],\"target\":[\"menuBlank\"],\"perms\":[\"\"],\"orderNum\":[\"5\"],\"icon\":[\"#\"],\"visible\":[\"0\"],\"isRefresh\":[\"1\"]}','{\"msg\":\"æ“ä½œæˆåŠŸ\",\"code\":0}',0,NULL,'2023-03-01 19:28:01',7),(174,'èœå•ç®¡ç†',2,'com.ruoyi.project.system.menu.controller.MenuController.editSave()','POST',1,'admin','ç ”å‘éƒ¨é—¨','/RuoYi-fast/system/menu/edit','127.0.0.1','å†…ç½‘IP','{\"menuId\":[\"9\"],\"parentId\":[\"0\"],\"menuType\":[\"C\"],\"menuName\":[\"å†œæˆ·ç®¡ç†\"],\"url\":[\"agriculture/peasant_info\"],\"target\":[\"menuItem\"],\"perms\":[\"\"],\"orderNum\":[\"5\"],\"icon\":[\"#\"],\"visible\":[\"0\"],\"isRefresh\":[\"1\"]}','{\"msg\":\"æ“ä½œæˆåŠŸ\",\"code\":0}',0,NULL,'2023-03-01 19:28:22',7),(175,'ä»£ç ç”Ÿæˆ',2,'com.ruoyi.project.tool.gen.controller.GenController.editSave()','POST',1,'admin','ç ”å‘éƒ¨é—¨','/RuoYi-fast/tool/gen/edit','127.0.0.1','å†…ç½‘IP','{\"tableId\":[\"3\"],\"tableName\":[\"agr_peasant\"],\"tableComment\":[\"å†œæˆ·ä¿¡æ¯è¡¨\"],\"className\":[\"AgrPeasant\"],\"functionAuthor\":[\"Chen\"],\"remark\":[\"\"],\"columns[0].columnId\":[\"8\"],\"columns[0].sort\":[\"1\"],\"columns[0].columnComment\":[\"è‡ªå¢ä¸»é”®ï¼ˆä¸ä¸šåŠ¡æ— å…³ï¼‰\"],\"columns[0].javaType\":[\"Long\"],\"columns[0].javaField\":[\"id\"],\"columns[0].isInsert\":[\"1\"],\"columns[0].queryType\":[\"EQ\"],\"columns[0].htmlType\":[\"input\"],\"columns[0].dictType\":[\"\"],\"columns[1].columnId\":[\"9\"],\"columns[1].sort\":[\"2\"],\"columns[1].columnComment\":[\"æˆ·ç¼–å·\"],\"columns[1].javaType\":[\"Long\"],\"columns[1].javaField\":[\"peaId\"],\"columns[1].isInsert\":[\"1\"],\"columns[1].isEdit\":[\"1\"],\"columns[1].isList\":[\"1\"],\"columns[1].isQuery\":[\"1\"],\"columns[1].queryType\":[\"EQ\"],\"columns[1].isRequired\":[\"1\"],\"columns[1].htmlType\":[\"input\"],\"columns[1].dictType\":[\"\"],\"columns[2].columnId\":[\"10\"],\"columns[2].sort\":[\"3\"],\"columns[2].columnComment\":[\"å§“å\"],\"columns[2].javaType\":[\"String\"],\"columns[2].javaField\":[\"peaName\"],\"columns[2].isInsert\":[\"1\"],\"columns[2].isEdit\":[\"1\"],\"columns[2].isList\":[\"1\"],\"columns[2].isQuery\":[\"1\"],\"columns[2].queryType\":[\"LIKE\"],\"columns[2].htmlType\":[\"input\"],\"columns[2].dictType\":[\"\"],\"columns[3].columnId\":[\"11\"],\"columns[3].sort\":[\"4\"],\"columns[3].columnComment\":[\"è¯ä»¶å·ç \"],\"columns[3].javaType\":[\"String\"],\"columns[3].javaField\":[\"peaCard\"],\"columns[3].isInsert\":[\"1\"],\"columns[3].isEdit\":[\"1\"],\"columns[3].isList\":[\"1\"],\"columns[3].isQuery\":[\"1\"],\"columns[3].queryType\":[\"EQ\"],\"columns[3].isRequired\":[\"1\"],\"columns[3].htmlType\":[\"input\"],\"columns[3].dictType\":[\"\"],\"columns[4].columnId\":[\"12\"],\"columns[4].sort\":[\"5\"],\"columns[4].columnComment\":[\"è‡ªç„¶æ‘\"],\"columns[4].javaType\":[\"String\"],\"columns[4].javaField\":[\"peaVillage\"],\"columns[4].isInsert\":[\"1\"],\"columns[4].isEdit\":[\"1\"],\"columns[4].isList\":[\"1\"],\"columns[4].isQuery\":[\"1\"],\"columns[4].queryType\":[\"EQ\"],\"columns[4].htmlType\":[\"input\"],\"columns[4].dictType\":[\"\"],\"columns[5].columnId\":[\"13\"],\"columns[5].sort\":[\"6\"],\"columns[5].columnComment\":[\"å¹´åº¦\"],\"columns[5].javaType\":[\"String\"],\"c','{\"msg\":\"æ“ä½œæˆåŠŸ\",\"code\":0}',0,NULL,'2023-03-01 19:29:03',31),(176,'ä»£ç ç”Ÿæˆ',2,'com.ruoyi.project.tool.gen.controller.GenController.editSave()','POST',1,'admin','ç ”å‘éƒ¨é—¨','/RuoYi-fast/tool/gen/edit','127.0.0.1','å†…ç½‘IP','{\"tableId\":[\"3\"],\"tableName\":[\"agr_peasant\"],\"tableComment\":[\"å†œæˆ·ä¿¡æ¯è¡¨\"],\"className\":[\"AgrPeasant\"],\"functionAuthor\":[\"Chen\"],\"remark\":[\"\"],\"columns[0].columnId\":[\"8\"],\"columns[0].sort\":[\"1\"],\"columns[0].columnComment\":[\"è‡ªå¢ä¸»é”®ï¼ˆä¸ä¸šåŠ¡æ— å…³ï¼‰\"],\"columns[0].javaType\":[\"Long\"],\"columns[0].javaField\":[\"id\"],\"columns[0].queryType\":[\"EQ\"],\"columns[0].htmlType\":[\"input\"],\"columns[0].dictType\":[\"\"],\"columns[1].columnId\":[\"9\"],\"columns[1].sort\":[\"2\"],\"columns[1].columnComment\":[\"æˆ·ç¼–å·\"],\"columns[1].javaType\":[\"Long\"],\"columns[1].javaField\":[\"peaId\"],\"columns[1].isInsert\":[\"1\"],\"columns[1].isEdit\":[\"1\"],\"columns[1].isList\":[\"1\"],\"columns[1].isQuery\":[\"1\"],\"columns[1].queryType\":[\"EQ\"],\"columns[1].isRequired\":[\"1\"],\"columns[1].htmlType\":[\"input\"],\"columns[1].dictType\":[\"\"],\"columns[2].columnId\":[\"10\"],\"columns[2].sort\":[\"3\"],\"columns[2].columnComment\":[\"å§“å\"],\"columns[2].javaType\":[\"String\"],\"columns[2].javaField\":[\"peaName\"],\"columns[2].isEdit\":[\"1\"],\"columns[2].isList\":[\"1\"],\"columns[2].isQuery\":[\"1\"],\"columns[2].queryType\":[\"LIKE\"],\"columns[2].htmlType\":[\"input\"],\"columns[2].dictType\":[\"\"],\"columns[3].columnId\":[\"11\"],\"columns[3].sort\":[\"4\"],\"columns[3].columnComment\":[\"è¯ä»¶å·ç \"],\"columns[3].javaType\":[\"String\"],\"columns[3].javaField\":[\"peaCard\"],\"columns[3].isInsert\":[\"1\"],\"columns[3].queryType\":[\"EQ\"],\"columns[3].isRequired\":[\"1\"],\"columns[3].htmlType\":[\"input\"],\"columns[3].dictType\":[\"\"],\"columns[4].columnId\":[\"12\"],\"columns[4].sort\":[\"5\"],\"columns[4].columnComment\":[\"è‡ªç„¶æ‘\"],\"columns[4].javaType\":[\"String\"],\"columns[4].javaField\":[\"peaVillage\"],\"columns[4].isInsert\":[\"1\"],\"columns[4].isEdit\":[\"1\"],\"columns[4].isList\":[\"1\"],\"columns[4].isQuery\":[\"1\"],\"columns[4].queryType\":[\"EQ\"],\"columns[4].htmlType\":[\"input\"],\"columns[4].dictType\":[\"\"],\"columns[5].columnId\":[\"13\"],\"columns[5].sort\":[\"6\"],\"columns[5].columnComment\":[\"å¹´åº¦\"],\"columns[5].javaType\":[\"String\"],\"columns[5].javaField\":[\"peaYear\"],\"columns[5].isInsert\":[\"1\"],\"columns[5].isEdit\":[\"1\"],\"columns[5].queryType\":[\"EQ\"],\"columns[5].htmlTy','{\"msg\":\"æ“ä½œæˆåŠŸ\",\"code\":0}',0,NULL,'2023-03-01 19:31:46',25),(177,'ä»£ç ç”Ÿæˆ',8,'com.ruoyi.project.tool.gen.controller.GenController.download()','GET',1,'admin','ç ”å‘éƒ¨é—¨','/RuoYi-fast/tool/gen/download/agr_peasant','127.0.0.1','å†…ç½‘IP','\"agr_peasant\"',NULL,0,NULL,'2023-03-01 19:31:58',117),(178,'ä»£ç ç”Ÿæˆ',2,'com.ruoyi.project.tool.gen.controller.GenController.editSave()','POST',1,'admin','ç ”å‘éƒ¨é—¨','/RuoYi-fast/tool/gen/edit','127.0.0.1','å†…ç½‘IP','{\"tableId\":[\"3\"],\"tableName\":[\"agr_peasant\"],\"tableComment\":[\"å†œæˆ·ä¿¡æ¯è¡¨\"],\"className\":[\"AgrPeasant\"],\"functionAuthor\":[\"Chen\"],\"remark\":[\"\"],\"columns[0].columnId\":[\"8\"],\"columns[0].sort\":[\"1\"],\"columns[0].columnComment\":[\"è‡ªå¢ä¸»é”®ï¼ˆä¸ä¸šåŠ¡æ— å…³ï¼‰\"],\"columns[0].javaType\":[\"Long\"],\"columns[0].javaField\":[\"id\"],\"columns[0].queryType\":[\"EQ\"],\"columns[0].htmlType\":[\"input\"],\"columns[0].dictType\":[\"\"],\"columns[1].columnId\":[\"9\"],\"columns[1].sort\":[\"2\"],\"columns[1].columnComment\":[\"æˆ·ç¼–å·\"],\"columns[1].javaType\":[\"Long\"],\"columns[1].javaField\":[\"peaId\"],\"columns[1].isInsert\":[\"1\"],\"columns[1].isEdit\":[\"1\"],\"columns[1].isList\":[\"1\"],\"columns[1].isQuery\":[\"1\"],\"columns[1].queryType\":[\"EQ\"],\"columns[1].isRequired\":[\"1\"],\"columns[1].htmlType\":[\"input\"],\"columns[1].dictType\":[\"\"],\"columns[2].columnId\":[\"10\"],\"columns[2].sort\":[\"3\"],\"columns[2].columnComment\":[\"å§“å\"],\"columns[2].javaType\":[\"String\"],\"columns[2].javaField\":[\"peaName\"],\"columns[2].isInsert\":[\"1\"],\"columns[2].isEdit\":[\"1\"],\"columns[2].isList\":[\"1\"],\"columns[2].isQuery\":[\"1\"],\"columns[2].queryType\":[\"LIKE\"],\"columns[2].htmlType\":[\"input\"],\"columns[2].dictType\":[\"\"],\"columns[3].columnId\":[\"11\"],\"columns[3].sort\":[\"4\"],\"columns[3].columnComment\":[\"è¯ä»¶å·ç \"],\"columns[3].javaType\":[\"String\"],\"columns[3].javaField\":[\"peaCard\"],\"columns[3].isInsert\":[\"1\"],\"columns[3].isEdit\":[\"1\"],\"columns[3].isList\":[\"1\"],\"columns[3].isQuery\":[\"1\"],\"columns[3].queryType\":[\"EQ\"],\"columns[3].isRequired\":[\"1\"],\"columns[3].htmlType\":[\"input\"],\"columns[3].dictType\":[\"\"],\"columns[4].columnId\":[\"12\"],\"columns[4].sort\":[\"5\"],\"columns[4].columnComment\":[\"è‡ªç„¶æ‘\"],\"columns[4].javaType\":[\"String\"],\"columns[4].javaField\":[\"peaVillage\"],\"columns[4].isInsert\":[\"1\"],\"columns[4].isEdit\":[\"1\"],\"columns[4].isList\":[\"1\"],\"columns[4].queryType\":[\"EQ\"],\"columns[4].htmlType\":[\"select\"],\"columns[4].dictType\":[\"\"],\"columns[5].columnId\":[\"13\"],\"columns[5].sort\":[\"6\"],\"columns[5].columnComment\":[\"å¹´åº¦\"],\"columns[5].javaType\":[\"String\"],\"columns[5].javaField\":[\"peaYear\"],\"columns[5].queryType','{\"msg\":\"æ“ä½œæˆåŠŸ\",\"code\":0}',0,NULL,'2023-03-01 19:36:39',52),(179,'ä»£ç ç”Ÿæˆ',2,'com.ruoyi.project.tool.gen.controller.GenController.editSave()','POST',1,'admin','ç ”å‘éƒ¨é—¨','/RuoYi-fast/tool/gen/edit','127.0.0.1','å†…ç½‘IP','{\"tableId\":[\"3\"],\"tableName\":[\"agr_peasant\"],\"tableComment\":[\"å†œæˆ·ä¿¡æ¯è¡¨\"],\"className\":[\"AgrPeasant\"],\"functionAuthor\":[\"Chen\"],\"remark\":[\"\"],\"columns[0].columnId\":[\"8\"],\"columns[0].sort\":[\"1\"],\"columns[0].columnComment\":[\"è‡ªå¢ä¸»é”®ï¼ˆä¸ä¸šåŠ¡æ— å…³ï¼‰\"],\"columns[0].javaType\":[\"Long\"],\"columns[0].javaField\":[\"id\"],\"columns[0].queryType\":[\"EQ\"],\"columns[0].htmlType\":[\"input\"],\"columns[0].dictType\":[\"\"],\"columns[1].columnId\":[\"9\"],\"columns[1].sort\":[\"2\"],\"columns[1].columnComment\":[\"æˆ·ç¼–å·\"],\"columns[1].javaType\":[\"Long\"],\"columns[1].javaField\":[\"peaId\"],\"columns[1].isInsert\":[\"1\"],\"columns[1].isEdit\":[\"1\"],\"columns[1].isList\":[\"1\"],\"columns[1].isQuery\":[\"1\"],\"columns[1].queryType\":[\"EQ\"],\"columns[1].isRequired\":[\"1\"],\"columns[1].htmlType\":[\"input\"],\"columns[1].dictType\":[\"\"],\"columns[2].columnId\":[\"10\"],\"columns[2].sort\":[\"3\"],\"columns[2].columnComment\":[\"å§“å\"],\"columns[2].javaType\":[\"String\"],\"columns[2].javaField\":[\"peaName\"],\"columns[2].isInsert\":[\"1\"],\"columns[2].isEdit\":[\"1\"],\"columns[2].isList\":[\"1\"],\"columns[2].isQuery\":[\"1\"],\"columns[2].queryType\":[\"LIKE\"],\"columns[2].htmlType\":[\"input\"],\"columns[2].dictType\":[\"\"],\"columns[3].columnId\":[\"11\"],\"columns[3].sort\":[\"4\"],\"columns[3].columnComment\":[\"è¯ä»¶å·ç \"],\"columns[3].javaType\":[\"String\"],\"columns[3].javaField\":[\"peaCard\"],\"columns[3].isInsert\":[\"1\"],\"columns[3].isEdit\":[\"1\"],\"columns[3].isList\":[\"1\"],\"columns[3].isQuery\":[\"1\"],\"columns[3].queryType\":[\"EQ\"],\"columns[3].isRequired\":[\"1\"],\"columns[3].htmlType\":[\"input\"],\"columns[3].dictType\":[\"\"],\"columns[4].columnId\":[\"12\"],\"columns[4].sort\":[\"5\"],\"columns[4].columnComment\":[\"è‡ªç„¶æ‘\"],\"columns[4].javaType\":[\"String\"],\"columns[4].javaField\":[\"peaVillage\"],\"columns[4].isInsert\":[\"1\"],\"columns[4].isEdit\":[\"1\"],\"columns[4].isList\":[\"1\"],\"columns[4].queryType\":[\"EQ\"],\"columns[4].htmlType\":[\"select\"],\"columns[4].dictType\":[\"\"],\"columns[5].columnId\":[\"13\"],\"columns[5].sort\":[\"6\"],\"columns[5].columnComment\":[\"å¹´åº¦\"],\"columns[5].javaType\":[\"String\"],\"columns[5].javaField\":[\"peaYear\"],\"columns[5].queryType','{\"msg\":\"æ“ä½œæˆåŠŸ\",\"code\":0}',0,NULL,'2023-03-01 19:36:47',26),(180,'ä»£ç ç”Ÿæˆ',8,'com.ruoyi.project.tool.gen.controller.GenController.download()','GET',1,'admin','ç ”å‘éƒ¨é—¨','/RuoYi-fast/tool/gen/download/agr_peasant','127.0.0.1','å†…ç½‘IP','\"agr_peasant\"',NULL,0,NULL,'2023-03-01 19:36:50',121),(181,'ä»£ç ç”Ÿæˆ',2,'com.ruoyi.project.tool.gen.controller.GenController.editSave()','POST',1,'admin','ç ”å‘éƒ¨é—¨','/RuoYi-fast/tool/gen/edit','127.0.0.1','å†…ç½‘IP','{\"tableId\":[\"3\"],\"tableName\":[\"agr_peasant\"],\"tableComment\":[\"å†œæˆ·ä¿¡æ¯è¡¨\"],\"className\":[\"AgrPeasant\"],\"functionAuthor\":[\"Chen\"],\"remark\":[\"\"],\"columns[0].columnId\":[\"8\"],\"columns[0].sort\":[\"1\"],\"columns[0].columnComment\":[\"è‡ªå¢ä¸»é”®ï¼ˆä¸ä¸šåŠ¡æ— å…³ï¼‰\"],\"columns[0].javaType\":[\"Long\"],\"columns[0].javaField\":[\"id\"],\"columns[0].queryType\":[\"EQ\"],\"columns[0].htmlType\":[\"input\"],\"columns[0].dictType\":[\"\"],\"columns[1].columnId\":[\"9\"],\"columns[1].sort\":[\"2\"],\"columns[1].columnComment\":[\"æˆ·ç¼–å·\"],\"columns[1].javaType\":[\"Long\"],\"columns[1].javaField\":[\"peaId\"],\"columns[1].isInsert\":[\"1\"],\"columns[1].isEdit\":[\"1\"],\"columns[1].isList\":[\"1\"],\"columns[1].isQuery\":[\"1\"],\"columns[1].queryType\":[\"EQ\"],\"columns[1].isRequired\":[\"1\"],\"columns[1].htmlType\":[\"input\"],\"columns[1].dictType\":[\"\"],\"columns[2].columnId\":[\"10\"],\"columns[2].sort\":[\"3\"],\"columns[2].columnComment\":[\"å§“å\"],\"columns[2].javaType\":[\"String\"],\"columns[2].javaField\":[\"peaName\"],\"columns[2].isInsert\":[\"1\"],\"columns[2].isEdit\":[\"1\"],\"columns[2].isList\":[\"1\"],\"columns[2].isQuery\":[\"1\"],\"columns[2].queryType\":[\"LIKE\"],\"columns[2].htmlType\":[\"input\"],\"columns[2].dictType\":[\"\"],\"columns[3].columnId\":[\"11\"],\"columns[3].sort\":[\"4\"],\"columns[3].columnComment\":[\"è¯ä»¶å·ç \"],\"columns[3].javaType\":[\"String\"],\"columns[3].javaField\":[\"peaCard\"],\"columns[3].isInsert\":[\"1\"],\"columns[3].isEdit\":[\"1\"],\"columns[3].isList\":[\"1\"],\"columns[3].isQuery\":[\"1\"],\"columns[3].queryType\":[\"EQ\"],\"columns[3].isRequired\":[\"1\"],\"columns[3].htmlType\":[\"input\"],\"columns[3].dictType\":[\"\"],\"columns[4].columnId\":[\"12\"],\"columns[4].sort\":[\"5\"],\"columns[4].columnComment\":[\"è‡ªç„¶æ‘\"],\"columns[4].javaType\":[\"String\"],\"columns[4].javaField\":[\"peaVillage\"],\"columns[4].isInsert\":[\"1\"],\"columns[4].isEdit\":[\"1\"],\"columns[4].isList\":[\"1\"],\"columns[4].queryType\":[\"EQ\"],\"columns[4].htmlType\":[\"input\"],\"columns[4].dictType\":[\"\"],\"columns[5].columnId\":[\"13\"],\"columns[5].sort\":[\"6\"],\"columns[5].columnComment\":[\"å¹´åº¦\"],\"columns[5].javaType\":[\"String\"],\"columns[5].javaField\":[\"peaYear\"],\"columns[5].queryType\"','{\"msg\":\"æ“ä½œæˆåŠŸ\",\"code\":0}',0,NULL,'2023-03-01 19:39:35',50),(182,'ä»£ç ç”Ÿæˆ',8,'com.ruoyi.project.tool.gen.controller.GenController.download()','GET',1,'admin','ç ”å‘éƒ¨é—¨','/RuoYi-fast/tool/gen/download/agr_peasant','127.0.0.1','å†…ç½‘IP','\"agr_peasant\"',NULL,0,NULL,'2023-03-01 19:39:37',114),(183,'ä»£ç ç”Ÿæˆ',2,'com.ruoyi.project.tool.gen.controller.GenController.editSave()','POST',1,'admin','ç ”å‘éƒ¨é—¨','/RuoYi-fast/tool/gen/edit','127.0.0.1','å†…ç½‘IP','{\"tableId\":[\"3\"],\"tableName\":[\"agr_peasant\"],\"tableComment\":[\"å†œæˆ·ä¿¡æ¯è¡¨\"],\"className\":[\"AgrPeasant\"],\"functionAuthor\":[\"Chen\"],\"remark\":[\"\"],\"columns[0].columnId\":[\"8\"],\"columns[0].sort\":[\"1\"],\"columns[0].columnComment\":[\"è‡ªå¢ä¸»é”®ï¼ˆä¸ä¸šåŠ¡æ— å…³ï¼‰\"],\"columns[0].javaType\":[\"Long\"],\"columns[0].javaField\":[\"id\"],\"columns[0].queryType\":[\"EQ\"],\"columns[0].htmlType\":[\"input\"],\"columns[0].dictType\":[\"\"],\"columns[1].columnId\":[\"9\"],\"columns[1].sort\":[\"2\"],\"columns[1].columnComment\":[\"æˆ·ç¼–å·\"],\"columns[1].javaType\":[\"Long\"],\"columns[1].javaField\":[\"peaId\"],\"columns[1].isInsert\":[\"1\"],\"columns[1].isEdit\":[\"1\"],\"columns[1].isList\":[\"1\"],\"columns[1].isQuery\":[\"1\"],\"columns[1].queryType\":[\"EQ\"],\"columns[1].isRequired\":[\"1\"],\"columns[1].htmlType\":[\"input\"],\"columns[1].dictType\":[\"\"],\"columns[2].columnId\":[\"10\"],\"columns[2].sort\":[\"3\"],\"columns[2].columnComment\":[\"å§“å\"],\"columns[2].javaType\":[\"String\"],\"columns[2].javaField\":[\"peaName\"],\"columns[2].isInsert\":[\"1\"],\"columns[2].isEdit\":[\"1\"],\"columns[2].isList\":[\"1\"],\"columns[2].isQuery\":[\"1\"],\"columns[2].queryType\":[\"LIKE\"],\"columns[2].htmlType\":[\"select\"],\"columns[2].dictType\":[\"\"],\"columns[3].columnId\":[\"11\"],\"columns[3].sort\":[\"4\"],\"columns[3].columnComment\":[\"è¯ä»¶å·ç \"],\"columns[3].javaType\":[\"String\"],\"columns[3].javaField\":[\"peaCard\"],\"columns[3].isInsert\":[\"1\"],\"columns[3].isEdit\":[\"1\"],\"columns[3].isList\":[\"1\"],\"columns[3].isQuery\":[\"1\"],\"columns[3].queryType\":[\"EQ\"],\"columns[3].isRequired\":[\"1\"],\"columns[3].htmlType\":[\"radio\"],\"columns[3].dictType\":[\"\"],\"columns[4].columnId\":[\"12\"],\"columns[4].sort\":[\"5\"],\"columns[4].columnComment\":[\"è‡ªç„¶æ‘\"],\"columns[4].javaType\":[\"String\"],\"columns[4].javaField\":[\"peaVillage\"],\"columns[4].isInsert\":[\"1\"],\"columns[4].isEdit\":[\"1\"],\"columns[4].isList\":[\"1\"],\"columns[4].queryType\":[\"EQ\"],\"columns[4].htmlType\":[\"checkbox\"],\"columns[4].dictType\":[\"\"],\"columns[5].columnId\":[\"13\"],\"columns[5].sort\":[\"6\"],\"columns[5].columnComment\":[\"å¹´åº¦\"],\"columns[5].javaType\":[\"String\"],\"columns[5].javaField\":[\"peaYear\"],\"columns[5].queryT','{\"msg\":\"æ“ä½œæˆåŠŸ\",\"code\":0}',0,NULL,'2023-03-01 19:45:15',61),(184,'ä»£ç ç”Ÿæˆ',2,'com.ruoyi.project.tool.gen.controller.GenController.editSave()','POST',1,'admin','ç ”å‘éƒ¨é—¨','/RuoYi-fast/tool/gen/edit','127.0.0.1','å†…ç½‘IP','{\"tableId\":[\"3\"],\"tableName\":[\"agr_peasant\"],\"tableComment\":[\"å†œæˆ·ä¿¡æ¯è¡¨\"],\"className\":[\"AgrPeasant\"],\"functionAuthor\":[\"Chen\"],\"remark\":[\"\"],\"columns[0].columnId\":[\"8\"],\"columns[0].sort\":[\"1\"],\"columns[0].columnComment\":[\"è‡ªå¢ä¸»é”®ï¼ˆä¸ä¸šåŠ¡æ— å…³ï¼‰\"],\"columns[0].javaType\":[\"Long\"],\"columns[0].javaField\":[\"id\"],\"columns[0].queryType\":[\"EQ\"],\"columns[0].htmlType\":[\"input\"],\"columns[0].dictType\":[\"\"],\"columns[1].columnId\":[\"9\"],\"columns[1].sort\":[\"2\"],\"columns[1].columnComment\":[\"æˆ·ç¼–å·\"],\"columns[1].javaType\":[\"Long\"],\"columns[1].javaField\":[\"peaId\"],\"columns[1].isInsert\":[\"1\"],\"columns[1].isEdit\":[\"1\"],\"columns[1].isList\":[\"1\"],\"columns[1].isQuery\":[\"1\"],\"columns[1].queryType\":[\"EQ\"],\"columns[1].isRequired\":[\"1\"],\"columns[1].htmlType\":[\"input\"],\"columns[1].dictType\":[\"\"],\"columns[2].columnId\":[\"10\"],\"columns[2].sort\":[\"3\"],\"columns[2].columnComment\":[\"å§“å\"],\"columns[2].javaType\":[\"String\"],\"columns[2].javaField\":[\"peaName\"],\"columns[2].isInsert\":[\"1\"],\"columns[2].isEdit\":[\"1\"],\"columns[2].isList\":[\"1\"],\"columns[2].isQuery\":[\"1\"],\"columns[2].queryType\":[\"LIKE\"],\"columns[2].htmlType\":[\"input\"],\"columns[2].dictType\":[\"\"],\"columns[3].columnId\":[\"11\"],\"columns[3].sort\":[\"4\"],\"columns[3].columnComment\":[\"è¯ä»¶å·ç \"],\"columns[3].javaType\":[\"String\"],\"columns[3].javaField\":[\"peaCard\"],\"columns[3].isInsert\":[\"1\"],\"columns[3].isEdit\":[\"1\"],\"columns[3].isList\":[\"1\"],\"columns[3].isQuery\":[\"1\"],\"columns[3].queryType\":[\"EQ\"],\"columns[3].isRequired\":[\"1\"],\"columns[3].htmlType\":[\"input\"],\"columns[3].dictType\":[\"\"],\"columns[4].columnId\":[\"12\"],\"columns[4].sort\":[\"5\"],\"columns[4].columnComment\":[\"è‡ªç„¶æ‘\"],\"columns[4].javaType\":[\"String\"],\"columns[4].javaField\":[\"peaVillage\"],\"columns[4].isInsert\":[\"1\"],\"columns[4].isEdit\":[\"1\"],\"columns[4].isList\":[\"1\"],\"columns[4].queryType\":[\"EQ\"],\"columns[4].htmlType\":[\"input\"],\"columns[4].dictType\":[\"\"],\"columns[5].columnId\":[\"13\"],\"columns[5].sort\":[\"6\"],\"columns[5].columnComment\":[\"å¹´åº¦\"],\"columns[5].javaType\":[\"String\"],\"columns[5].javaField\":[\"peaYear\"],\"columns[5].queryType\"','{\"msg\":\"æ“ä½œæˆåŠŸ\",\"code\":0}',0,NULL,'2023-03-01 19:46:54',26),(185,'ç”¨æˆ·ç®¡ç†',1,'com.ruoyi.project.system.user.controller.UserController.addSave()','POST',1,'admin','ç ”å‘éƒ¨é—¨','/RuoYi-fast/system/user/add','127.0.0.1','å†…ç½‘IP','{\"deptId\":[\"100\"],\"userName\":[\"CXH\"],\"deptName\":[\"è‹¥ä¾ç§‘æŠ€\"],\"phonenumber\":[\"17660681181\"],\"email\":[\"1145666543@qq.com\"],\"loginName\":[\"chen\"],\"sex\":[\"0\"],\"remark\":[\"\"],\"status\":[\"0\"],\"roleIds\":[\"\"],\"postIds\":[\"4\"]}','{\"msg\":\"æ“ä½œæˆåŠŸ\",\"code\":0}',0,NULL,'2023-03-01 20:02:44',58),(186,'ç”¨æˆ·ç®¡ç†',2,'com.ruoyi.project.system.user.controller.UserController.editSave()','POST',1,'admin','ç ”å‘éƒ¨é—¨','/RuoYi-fast/system/user/edit','127.0.0.1','å†…ç½‘IP','{\"userId\":[\"3\"],\"deptId\":[\"100\"],\"userName\":[\"CXH\"],\"dept.deptName\":[\"è‹¥ä¾ç§‘æŠ€\"],\"phonenumber\":[\"17660681181\"],\"email\":[\"1145666543@qq.com\"],\"loginName\":[\"chen\"],\"sex\":[\"0\"],\"role\":[\"2\"],\"remark\":[\"\"],\"status\":[\"0\"],\"roleIds\":[\"2\"],\"postIds\":[\"4\"]}','{\"msg\":\"æ“ä½œæˆåŠŸ\",\"code\":0}',0,NULL,'2023-03-01 20:04:00',20),(187,'ç”¨æˆ·ç®¡ç†',4,'com.ruoyi.project.system.user.controller.UserController.insertAuthRole()','POST',1,'admin','ç ”å‘éƒ¨é—¨','/RuoYi-fast/system/user/authRole/insertAuthRole','127.0.0.1','å†…ç½‘IP','{\"userId\":[\"3\"],\"roleIds\":[\"\"]}','{\"msg\":\"æ“ä½œæˆåŠŸ\",\"code\":0}',0,NULL,'2023-03-01 20:04:16',4),(188,'è§’è‰²ç®¡ç†',2,'com.ruoyi.project.system.role.controller.RoleController.editSave()','POST',1,'admin','ç ”å‘éƒ¨é—¨','/RuoYi-fast/system/role/edit','127.0.0.1','å†…ç½‘IP','{\"roleId\":[\"2\"],\"roleName\":[\"æ™®é€šäººå‘˜\"],\"roleKey\":[\"common\"],\"roleSort\":[\"2\"],\"status\":[\"0\"],\"remark\":[\"æ™®é€šè§’è‰²\"],\"menuIds\":[\"5,6,7,8,9,1072,1073,1074,1075,1076,10,1025,1026,1027,1028,1029\"]}','{\"msg\":\"æ“ä½œæˆåŠŸ\",\"code\":0}',0,NULL,'2023-03-01 20:06:00',11),(189,'ç”¨æˆ·ç®¡ç†',2,'com.ruoyi.project.system.user.controller.UserController.editSave()','POST',1,'admin','ç ”å‘éƒ¨é—¨','/RuoYi-fast/system/user/edit','127.0.0.1','å†…ç½‘IP','{\"userId\":[\"3\"],\"deptId\":[\"100\"],\"userName\":[\"CXH\"],\"dept.deptName\":[\"è‹¥ä¾ç§‘æŠ€\"],\"phonenumber\":[\"17660681181\"],\"email\":[\"1145666543@qq.com\"],\"loginName\":[\"chen\"],\"sex\":[\"0\"],\"role\":[\"2\"],\"remark\":[\"\"],\"status\":[\"0\"],\"roleIds\":[\"2\"],\"postIds\":[\"4\"]}','{\"msg\":\"æ“ä½œæˆåŠŸ\",\"code\":0}',0,NULL,'2023-03-01 20:06:17',14);

/*Table structure for table `sys_post` */

DROP TABLE IF EXISTS `sys_post`;

CREATE TABLE `sys_post` (
  `post_id` bigint(20) NOT NULL AUTO_INCREMENT COMMENT 'å²—ä½ID',
  `post_code` varchar(64) NOT NULL COMMENT 'å²—ä½ç¼–ç ',
  `post_name` varchar(50) NOT NULL COMMENT 'å²—ä½åç§°',
  `post_sort` int(4) NOT NULL COMMENT 'æ˜¾ç¤ºé¡ºåº',
  `status` char(1) NOT NULL COMMENT 'çŠ¶æ€ï¼ˆ0æ­£å¸¸ 1åœç”¨ï¼‰',
  `create_by` varchar(64) DEFAULT '' COMMENT 'åˆ›å»ºè€…',
  `create_time` datetime DEFAULT NULL COMMENT 'åˆ›å»ºæ—¶é—´',
  `update_by` varchar(64) DEFAULT '' COMMENT 'æ›´æ–°è€…',
  `update_time` datetime DEFAULT NULL COMMENT 'æ›´æ–°æ—¶é—´',
  `remark` varchar(500) DEFAULT NULL COMMENT 'å¤‡æ³¨',
  PRIMARY KEY (`post_id`)
) ENGINE=InnoDB AUTO_INCREMENT=5 DEFAULT CHARSET=utf8 COMMENT='å²—ä½ä¿¡æ¯è¡¨';

/*Data for the table `sys_post` */

insert  into `sys_post`(`post_id`,`post_code`,`post_name`,`post_sort`,`status`,`create_by`,`create_time`,`update_by`,`update_time`,`remark`) values (1,'ceo','è‘£äº‹é•¿',1,'0','admin','2023-02-23 11:57:27','',NULL,''),(4,'user','æ™®é€šå‘˜å·¥',4,'0','admin','2023-02-23 11:57:27','',NULL,'');

/*Table structure for table `sys_role` */

DROP TABLE IF EXISTS `sys_role`;

CREATE TABLE `sys_role` (
  `role_id` bigint(20) NOT NULL AUTO_INCREMENT COMMENT 'è§’è‰²ID',
  `role_name` varchar(30) NOT NULL COMMENT 'è§’è‰²åç§°',
  `role_key` varchar(100) NOT NULL COMMENT 'è§’è‰²æƒé™å­—ç¬¦ä¸²',
  `role_sort` int(4) NOT NULL COMMENT 'æ˜¾ç¤ºé¡ºåº',
  `data_scope` char(1) DEFAULT '1' COMMENT 'æ•°æ®èŒƒå›´ï¼ˆ1ï¼šå…¨éƒ¨æ•°æ®æƒé™ 2ï¼šè‡ªå®šæ•°æ®æƒé™ 3ï¼šæœ¬éƒ¨é—¨æ•°æ®æƒé™ 4ï¼šæœ¬éƒ¨é—¨åŠä»¥ä¸‹æ•°æ®æƒé™ï¼‰',
  `status` char(1) NOT NULL COMMENT 'è§’è‰²çŠ¶æ€ï¼ˆ0æ­£å¸¸ 1åœç”¨ï¼‰',
  `del_flag` char(1) DEFAULT '0' COMMENT 'åˆ é™¤æ ‡å¿—ï¼ˆ0ä»£è¡¨å­˜åœ¨ 2ä»£è¡¨åˆ é™¤ï¼‰',
  `create_by` varchar(64) DEFAULT '' COMMENT 'åˆ›å»ºè€…',
  `create_time` datetime DEFAULT NULL COMMENT 'åˆ›å»ºæ—¶é—´',
  `update_by` varchar(64) DEFAULT '' COMMENT 'æ›´æ–°è€…',
  `update_time` datetime DEFAULT NULL COMMENT 'æ›´æ–°æ—¶é—´',
  `remark` varchar(500) DEFAULT NULL COMMENT 'å¤‡æ³¨',
  PRIMARY KEY (`role_id`)
) ENGINE=InnoDB AUTO_INCREMENT=3 DEFAULT CHARSET=utf8 COMMENT='è§’è‰²ä¿¡æ¯è¡¨';

/*Data for the table `sys_role` */

insert  into `sys_role`(`role_id`,`role_name`,`role_key`,`role_sort`,`data_scope`,`status`,`del_flag`,`create_by`,`create_time`,`update_by`,`update_time`,`remark`) values (1,'è¶…çº§ç®¡ç†å‘˜','admin',1,'1','0','0','admin','2023-02-23 11:57:27','',NULL,'è¶…çº§ç®¡ç†å‘˜'),(2,'æ™®é€šäººå‘˜','common',2,'2','0','0','admin','2023-02-23 11:57:27','admin','2023-03-01 20:06:00','æ™®é€šè§’è‰²');

/*Table structure for table `sys_role_dept` */

DROP TABLE IF EXISTS `sys_role_dept`;

CREATE TABLE `sys_role_dept` (
  `role_id` bigint(20) NOT NULL COMMENT 'è§’è‰²ID',
  `dept_id` bigint(20) NOT NULL COMMENT 'éƒ¨é—¨ID',
  PRIMARY KEY (`role_id`,`dept_id`)
) ENGINE=InnoDB DEFAULT CHARSET=utf8 COMMENT='è§’è‰²å’Œéƒ¨é—¨å…³è”è¡¨';

/*Data for the table `sys_role_dept` */

insert  into `sys_role_dept`(`role_id`,`dept_id`) values (2,100),(2,101),(2,105);

/*Table structure for table `sys_role_menu` */

DROP TABLE IF EXISTS `sys_role_menu`;

CREATE TABLE `sys_role_menu` (
  `role_id` bigint(20) NOT NULL COMMENT 'è§’è‰²ID',
  `menu_id` bigint(20) NOT NULL COMMENT 'èœå•ID',
  PRIMARY KEY (`role_id`,`menu_id`)
) ENGINE=InnoDB DEFAULT CHARSET=utf8 COMMENT='è§’è‰²å’Œèœå•å…³è”è¡¨';

/*Data for the table `sys_role_menu` */

insert  into `sys_role_menu`(`role_id`,`menu_id`) values (2,5),(2,6),(2,7),(2,8),(2,9),(2,10),(2,1025),(2,1026),(2,1027),(2,1028),(2,1029),(2,1072),(2,1073),(2,1074),(2,1075),(2,1076);

/*Table structure for table `sys_user` */

DROP TABLE IF EXISTS `sys_user`;

CREATE TABLE `sys_user` (
  `user_id` bigint(20) NOT NULL AUTO_INCREMENT COMMENT 'ç”¨æˆ·ID',
  `dept_id` bigint(20) DEFAULT NULL COMMENT 'éƒ¨é—¨ID',
  `login_name` varchar(30) NOT NULL COMMENT 'ç™»å½•è´¦å·',
  `user_name` varchar(30) DEFAULT '' COMMENT 'ç”¨æˆ·æ˜µç§°',
  `user_type` varchar(2) DEFAULT '00' COMMENT 'ç”¨æˆ·ç±»å‹ï¼ˆ00ç³»ç»Ÿç”¨æˆ· 01æ³¨å†Œç”¨æˆ·ï¼‰',
  `email` varchar(50) DEFAULT '' COMMENT 'ç”¨æˆ·é‚®ç®±',
  `phonenumber` varchar(11) DEFAULT '' COMMENT 'æ‰‹æœºå·ç ',
  `sex` char(1) DEFAULT '0' COMMENT 'ç”¨æˆ·æ€§åˆ«ï¼ˆ0ç”· 1å¥³ 2æœªçŸ¥ï¼‰',
  `avatar` varchar(100) DEFAULT '' COMMENT 'å¤´åƒè·¯å¾„',
  `password` varchar(50) DEFAULT '' COMMENT 'å¯†ç ',
  `salt` varchar(20) DEFAULT '' COMMENT 'ç›åŠ å¯†',
  `status` char(1) DEFAULT '0' COMMENT 'å¸å·çŠ¶æ€ï¼ˆ0æ­£å¸¸ 1åœç”¨ï¼‰',
  `del_flag` char(1) DEFAULT '0' COMMENT 'åˆ é™¤æ ‡å¿—ï¼ˆ0ä»£è¡¨å­˜åœ¨ 2ä»£è¡¨åˆ é™¤ï¼‰',
  `login_ip` varchar(128) DEFAULT '' COMMENT 'æœ€åç™»å½•IP',
  `login_date` datetime DEFAULT NULL COMMENT 'æœ€åç™»å½•æ—¶é—´',
  `pwd_update_date` datetime DEFAULT NULL COMMENT 'å¯†ç æœ€åæ›´æ–°æ—¶é—´',
  `create_by` varchar(64) DEFAULT '' COMMENT 'åˆ›å»ºè€…',
  `create_time` datetime DEFAULT NULL COMMENT 'åˆ›å»ºæ—¶é—´',
  `update_by` varchar(64) DEFAULT '' COMMENT 'æ›´æ–°è€…',
  `update_time` datetime DEFAULT NULL COMMENT 'æ›´æ–°æ—¶é—´',
  `remark` varchar(500) DEFAULT NULL COMMENT 'å¤‡æ³¨',
  PRIMARY KEY (`user_id`)
) ENGINE=InnoDB AUTO_INCREMENT=4 DEFAULT CHARSET=utf8 COMMENT='ç”¨æˆ·ä¿¡æ¯è¡¨';

/*Data for the table `sys_user` */

insert  into `sys_user`(`user_id`,`dept_id`,`login_name`,`user_name`,`user_type`,`email`,`phonenumber`,`sex`,`avatar`,`password`,`salt`,`status`,`del_flag`,`login_ip`,`login_date`,`pwd_update_date`,`create_by`,`create_time`,`update_by`,`update_time`,`remark`) values (1,103,'admin','è‹¥ä¾','00','ry@163.com','15888888888','1','','29c67a30398638269fe600f73a054934','111111','0','0','127.0.0.1','2023-03-01 20:07:19','2023-02-23 11:57:27','admin','2023-02-23 11:57:27','','2023-03-01 20:07:18','ç®¡ç†å‘˜'),(2,105,'ry','1','00','ry@qq.com','15666666666','1','','8e6d98b90472783cc73c17047ddccf36','222222','0','2','127.0.0.1','2023-02-23 11:57:27','2023-02-23 11:57:27','admin','2023-02-23 11:57:27','admin','2023-02-23 12:16:26','æµ‹è¯•å‘˜'),(3,100,'chen','CXH','00','1145666543@qq.com','17660681181','0','','7ce1208db9abe151778fc87f8404bf60','010e00','0','0','127.0.0.1','2023-03-01 20:06:32',NULL,'admin','2023-03-01 20:02:44','admin','2023-03-01 20:06:32','');

/*Table structure for table `sys_user_online` */

DROP TABLE IF EXISTS `sys_user_online`;

CREATE TABLE `sys_user_online` (
  `sessionId` varchar(50) NOT NULL DEFAULT '' COMMENT 'ç”¨æˆ·ä¼šè¯id',
  `login_name` varchar(50) DEFAULT '' COMMENT 'ç™»å½•è´¦å·',
  `dept_name` varchar(50) DEFAULT '' COMMENT 'éƒ¨é—¨åç§°',
  `ipaddr` varchar(128) DEFAULT '' COMMENT 'ç™»å½•IPåœ°å€',
  `login_location` varchar(255) DEFAULT '' COMMENT 'ç™»å½•åœ°ç‚¹',
  `browser` varchar(50) DEFAULT '' COMMENT 'æµè§ˆå™¨ç±»å‹',
  `os` varchar(50) DEFAULT '' COMMENT 'æ“ä½œç³»ç»Ÿ',
  `status` varchar(10) DEFAULT '' COMMENT 'åœ¨çº¿çŠ¶æ€on_lineåœ¨çº¿off_lineç¦»çº¿',
  `start_timestamp` datetime DEFAULT NULL COMMENT 'sessionåˆ›å»ºæ—¶é—´',
  `last_access_time` datetime DEFAULT NULL COMMENT 'sessionæœ€åè®¿é—®æ—¶é—´',
  `expire_time` int(5) DEFAULT '0' COMMENT 'è¶…æ—¶æ—¶é—´ï¼Œå•ä½ä¸ºåˆ†é’Ÿ',
  PRIMARY KEY (`sessionId`)
) ENGINE=InnoDB DEFAULT CHARSET=utf8 COMMENT='åœ¨çº¿ç”¨æˆ·è®°å½•';

/*Data for the table `sys_user_online` */

insert  into `sys_user_online`(`sessionId`,`login_name`,`dept_name`,`ipaddr`,`login_location`,`browser`,`os`,`status`,`start_timestamp`,`last_access_time`,`expire_time`) values ('6660c8b6-b9f4-42df-aca1-5cdd5590fc46','admin','ç ”å‘éƒ¨é—¨','127.0.0.1','å†…ç½‘IP','Chrome 11','Windows 10','on_line','2023-03-01 20:07:17','2023-03-01 20:07:19',1800000);

/*Table structure for table `sys_user_post` */

DROP TABLE IF EXISTS `sys_user_post`;

CREATE TABLE `sys_user_post` (
  `user_id` bigint(20) NOT NULL COMMENT 'ç”¨æˆ·ID',
  `post_id` bigint(20) NOT NULL COMMENT 'å²—ä½ID',
  PRIMARY KEY (`user_id`,`post_id`)
) ENGINE=InnoDB DEFAULT CHARSET=utf8 COMMENT='ç”¨æˆ·ä¸å²—ä½å…³è”è¡¨';

/*Data for the table `sys_user_post` */

insert  into `sys_user_post`(`user_id`,`post_id`) values (1,1),(3,4);

/*Table structure for table `sys_user_role` */

DROP TABLE IF EXISTS `sys_user_role`;

CREATE TABLE `sys_user_role` (
  `user_id` bigint(20) NOT NULL COMMENT 'ç”¨æˆ·ID',
  `role_id` bigint(20) NOT NULL COMMENT 'è§’è‰²ID',
  PRIMARY KEY (`user_id`,`role_id`)
) ENGINE=InnoDB DEFAULT CHARSET=utf8 COMMENT='ç”¨æˆ·å’Œè§’è‰²å…³è”è¡¨';

/*Data for the table `sys_user_role` */

insert  into `sys_user_role`(`user_id`,`role_id`) values (1,1),(3,2);

/*!40101 SET SQL_MODE=@OLD_SQL_MODE */;
/*!40014 SET FOREIGN_KEY_CHECKS=@OLD_FOREIGN_KEY_CHECKS */;
/*!40014 SET UNIQUE_CHECKS=@OLD_UNIQUE_CHECKS */;
/*!40111 SET SQL_NOTES=@OLD_SQL_NOTES */;
